<beans xmlns="http://www.springframework.org/schema/beans" xmlns:xsi="http://www.w3.org/2001/XMLSchema-instance" xmlns:p="http://www.springframework.org/schema/p"
	xsi:schemaLocation="http://www.springframework.org/schema/beans http://www.springframework.org/schema/beans/spring-beans-3.0.xsd">

	<bean id="commandService" class="org.bonitasoft.engine.command.api.impl.CommandServiceImpl">
		<constructor-arg name="eventService" ref="eventService" />
		<constructor-arg name="persistenceService" ref="persistenceService" />
		<constructor-arg name="recorder" ref="recorderSync" />
		<constructor-arg name="logger" ref="tenantTechnicalLoggerService" />
		<constructor-arg name="queriableLoggerService" ref="syncQueriableLoggerService" />
	</bean>

	<bean id="defaultCommandProvider" class="org.bonitasoft.engine.command.DefaultCommandProvider">
		<property name="defaultCommands">
			<list>
				<ref bean="canStartProcessDefinition" />
                <ref bean="isInvolvedInHumanTask" />
				<ref bean="importProfiles" />
				<ref bean="isUserProcessSupervisor" />
				<ref bean="createSupervisor" />
				<ref bean="getSupervisor" />
				<ref bean="deleteSupervisor" />
				<ref bean="searchProcessSupervisors" />
				<ref bean="executeActionsAndTerminate" />
				<ref bean="isAllowedToStartProcess" />
				<ref bean="isAllowedToSeeOverviewForm" />
				<ref bean="isAllowedToSeeInstanciationForm" />
				<ref bean="searchAssignedTasksSupervisedBy" />
				<ref bean="searchArchivedTasksSupervisedBy" />
				<ref bean="getUpdatedVariableValuesForProcessDefinition" />
				<ref bean="getUpdatedVariableValuesForActivityInstance" />
				<ref bean="getUpdatedVariableValuesForProcessInstance" />
				<ref bean="searchProcessDefinitionsSupervisedBy" />
				<ref bean="searchSCommentSupervisedBy" />
				<ref bean="isAllowedToStartProcesses" />
				<ref bean="addEntityMemberCommand" />
				<ref bean="removeEntityMemberCommand" />
				<ref bean="searchEntityMembersCommand" />
				<ref bean="searchEntityMembersForUserCommand" />
				<ref bean="deleteEntityMembersCommand" />
				<ref bean="searchWaitingEventsCommand" />
                <ref bean="advancedStartProcessCommand" />
			</list>
		</property>
	</bean>

    <bean id="canStartProcessDefinition" class="org.bonitasoft.engine.command.CommandDescriptorImpl">
        <constructor-arg name="name">
            <value>canStartProcessDefinition</value>
        </constructor-arg>
        <constructor-arg name="description">
            <value>Return true if the user can start the process, false otherwise. Use parameter key USER_ID_KEY and PROCESS_DEFINITION_ID_KEY</value>
        </constructor-arg>
        <constructor-arg name="implementation">
            <value>org.bonitasoft.engine.external.permission.CanStartProcessDefinition</value>
        </constructor-arg>
    </bean>
    
    <bean id="isInvolvedInHumanTask" class="org.bonitasoft.engine.command.CommandDescriptorImpl">
        <constructor-arg name="name">
            <value>isInvolvedInHumanTask</value>
        </constructor-arg>
        <constructor-arg name="description">
            <value>Return true if a user is involved in a specific human task, false otherwise. Use parameter key USER_ID_KEY and HUMAN_TASK_INSTANCE_ID_KEY</value>
        </constructor-arg>
        <constructor-arg name="implementation">
            <value>org.bonitasoft.engine.external.permission.IsInvolvedInHumanTask</value>
        </constructor-arg>
    </bean>
    
	<bean id="isUserProcessSupervisor" class="org.bonitasoft.engine.command.CommandDescriptorImpl">
		<constructor-arg name="name">
			<value>isUserProcessSupervisor</value>
		</constructor-arg>
		<constructor-arg name="description">
			<value>Get if the user a supervisor of processDefinition. Use parameter keys USER_ID_KEY, PROCESS_DEFINITION_ID_KEY</value>
		</constructor-arg>
		<constructor-arg name="implementation">
			<value>org.bonitasoft.engine.external.process.IsUserProcessSupervisor</value>
		</constructor-arg>
	</bean>

	<bean id="createSupervisor" class="org.bonitasoft.engine.command.CommandDescriptorImpl">
		<constructor-arg name="name">
			<value>createSupervisor</value>
		</constructor-arg>
		<constructor-arg name="description">
			<value>Create process supervisor.</value>
		</constructor-arg>
		<constructor-arg name="implementation">
			<value>org.bonitasoft.engine.external.process.CreateSupervisor</value>
		</constructor-arg>
	</bean>

	<bean id="getSupervisor" class="org.bonitasoft.engine.command.CommandDescriptorImpl">
		<constructor-arg name="name">
			<value>getSupervisor</value>
		</constructor-arg>
		<constructor-arg name="description">
			<value>Get process supervisor. Use parameter key SUPERVISOR_ID_KEY</value>
		</constructor-arg>
		<constructor-arg name="implementation">
			<value>org.bonitasoft.engine.external.process.GetSupervisor</value>
		</constructor-arg>
	</bean>

	<bean id="deleteSupervisor" class="org.bonitasoft.engine.command.CommandDescriptorImpl">
		<constructor-arg name="name">
			<value>deleteSupervisor</value>
		</constructor-arg>
		<constructor-arg name="description">
			<value>Delete process supervisor. Use parameter key SUPERVISOR_ID_KEY</value>
		</constructor-arg>
		<constructor-arg name="implementation">
			<value>org.bonitasoft.engine.external.process.DeleteSupervisor</value>
		</constructor-arg>
	</bean>

	<bean id="searchProcessSupervisors" class="org.bonitasoft.engine.command.CommandDescriptorImpl">
		<constructor-arg name="name">
			<value>searchProcessSupervisors</value>
		</constructor-arg>
		<constructor-arg name="description">
			<value>Search process supervisor for process definition.</value>
		</constructor-arg>
		<constructor-arg name="implementation">
			<value>org.bonitasoft.engine.external.process.SearchProcessSupervisors</value>
		</constructor-arg>
	</bean>

	<bean id="importProfiles" class="org.bonitasoft.engine.command.CommandDescriptorImpl">
		<constructor-arg name="name">
			<value>importProfilesCommand</value>
		</constructor-arg>
		<constructor-arg name="description">
			<value>Import profiles, profileEntries and profile mappings</value>
		</constructor-arg>
		<constructor-arg name="implementation">
			<value>org.bonitasoft.engine.external.web.profile.command.ImportProfilesCommand</value>
		</constructor-arg>
	</bean>

	<bean id="executeActionsAndTerminate" class="org.bonitasoft.engine.command.CommandDescriptorImpl">
		<constructor-arg name="name">
			<value>executeActionsAndTerminate</value>
		</constructor-arg>
		<constructor-arg name="description">
			<value>execute actions and terminate a user task instance</value>
		</constructor-arg>
		<constructor-arg name="implementation">
			<value>org.bonitasoft.engine.external.web.forms.ExecuteActionsAndTerminateTask</value>
		</constructor-arg>
	</bean>

	<bean id="isAllowedToStartProcess" class="org.bonitasoft.engine.command.CommandDescriptorImpl">
		<constructor-arg name="name">
			<value>isAllowedToStartProcess</value>
		</constructor-arg>
		<constructor-arg name="description">
			<value>Check if one of many actors can be allowed to start process.(who's the process Initiator)</value>
		</constructor-arg>
		<constructor-arg name="implementation">
			<value>org.bonitasoft.engine.external.permission.IsAllowedToStartProcess</value>
		</constructor-arg>
	</bean>

	<bean id="isAllowedToSeeOverviewForm" class="org.bonitasoft.engine.command.CommandDescriptorImpl">
		<constructor-arg name="name">
			<value>isAllowedToSeeOverviewForm</value>
		</constructor-arg>
		<constructor-arg name="description">
			<value>Check if one of many actors can be allowed to read overview form.</value>
		</constructor-arg>
		<constructor-arg name="implementation">
			<value>org.bonitasoft.engine.external.permission.IsAllowedToSeeOverviewForm</value>
		</constructor-arg>
	</bean>

	<bean id="isAllowedToSeeInstanciationForm" class="org.bonitasoft.engine.command.CommandDescriptorImpl">
		<constructor-arg name="name">
			<value>isAllowedToSeeInstanciationForm</value>
		</constructor-arg>
		<constructor-arg name="description">
			<value>Check if one of many actors can be allowed to read Instanciation form.</value>
		</constructor-arg>
		<constructor-arg name="implementation">
			<value>org.bonitasoft.engine.external.permission.IsAllowedToSeeInstanciationForm</value>
		</constructor-arg>
	</bean>

	<bean id="searchAssignedTasksSupervisedBy" class="org.bonitasoft.engine.command.CommandDescriptorImpl">
		<constructor-arg name="name">
			<value>searchAssignedTasksSupervisedBy</value>
		</constructor-arg>
		<constructor-arg name="description">
			<value>Returns the list of assigned user tasks of process definition supervised by a user.</value>
		</constructor-arg>
		<constructor-arg name="implementation">
			<value>org.bonitasoft.engine.external.task.supervisor.SearchAssignedTasksSupervisedBy</value>
		</constructor-arg>
	</bean>

	<bean id="searchArchivedTasksSupervisedBy" class="org.bonitasoft.engine.command.CommandDescriptorImpl">
		<constructor-arg name="name">
			<value>searchArchivedTasksSupervisedBy</value>
		</constructor-arg>
		<constructor-arg name="description">
			<value>Returns the list of archived user tasks of process definition supervised by a user. Use parameter keys SUPERVISOR_ID_KEY: id of the supervisor,
				SEARCH_OPTIONS_KEY: the object containing all the search parameters</value>
		</constructor-arg>
		<constructor-arg name="implementation">
			<value>org.bonitasoft.engine.external.task.supervisor.SearchArchivedTasksSupervisedBy</value>
		</constructor-arg>
	</bean>

	<bean id="getUpdatedVariableValuesForProcessDefinition" class="org.bonitasoft.engine.command.CommandDescriptorImpl">
		<constructor-arg name="name">
			<value>getUpdatedVariableValuesForProcessDefinition</value>
		</constructor-arg>
		<constructor-arg name="description">
			<value>Returns the map of updatedVariable after executing operations. Use parameter keys OPERATIONS_WITH_CONTEXT_MAP_KEY, CURRENT_VARIABLE_VALUES_MAP_KEY,
				PROCESS_DEFINITION_ID_KEY</value>
		</constructor-arg>
		<constructor-arg name="implementation">
			<value>org.bonitasoft.engine.external.process.GetUpdatedVariableValuesForProcessDefinition</value>
		</constructor-arg>
	</bean>

	<bean id="getUpdatedVariableValuesForActivityInstance" class="org.bonitasoft.engine.command.CommandDescriptorImpl">
		<constructor-arg name="name">
			<value>getUpdatedVariableValuesForActivityInstance</value>
		</constructor-arg>
		<constructor-arg name="description">
			<value>Returns the map of updatedVariable after executing operations. Use parameter keys OPERATIONS_WITH_CONTEXT_MAP_KEY, CURRENT_VARIABLE_VALUES_MAP_KEY,
				ACTIVITY_INSTANCE_ID_KEY</value>
		</constructor-arg>
		<constructor-arg name="implementation">
			<value>org.bonitasoft.engine.external.process.GetUpdatedVariableValuesForActivityInstance</value>
		</constructor-arg>
	</bean>

	<bean id="getUpdatedVariableValuesForProcessInstance" class="org.bonitasoft.engine.command.CommandDescriptorImpl">
		<constructor-arg name="name">
			<value>getUpdatedVariableValuesForProcessInstance</value>
		</constructor-arg>
		<constructor-arg name="description">
			<value>Returns the map of updatedVariable after executing operations. Use parameter keys OPERATIONS_WITH_CONTEXT_MAP_KEY, CURRENT_VARIABLE_VALUES_MAP_KEY,
				PROCESS_INSTANCE_ID_KEY</value>
		</constructor-arg>
		<constructor-arg name="implementation">
			<value>org.bonitasoft.engine.external.process.GetUpdatedVariableValuesForProcessInstance</value>
		</constructor-arg>
	</bean>

	<bean id="searchProcessDefinitionsSupervisedBy" class="org.bonitasoft.engine.command.CommandDescriptorImpl">
		<constructor-arg name="name">
			<value>searchProcessDefinitionsSupervisedBy</value>
		</constructor-arg>
		<constructor-arg name="description">
			<value>Searching processeDefinitions whose supervisor is the specified user.</value>
		</constructor-arg>
		<constructor-arg name="implementation">
			<value>org.bonitasoft.engine.external.supervisor.SearchProcessDefinitionsSupervisedBy</value>
		</constructor-arg>
	</bean>

	<bean id="searchSCommentSupervisedBy" class="org.bonitasoft.engine.command.CommandDescriptorImpl">
		<constructor-arg name="name">
			<value>searchSCommentSupervisedBy</value>
		</constructor-arg>
		<constructor-arg name="description">
			<value>Returns the list of comments for processes supervised by a user. One mandatory parameter: supervisorId: ID of the user supervisor of the processes on
				which comments are.</value>
		</constructor-arg>
		<constructor-arg name="implementation">
			<value>org.bonitasoft.engine.external.comment.SearchCommentsSupervisedBy</value>
		</constructor-arg>
	</bean>

	<bean id="isAllowedToStartProcesses" class="org.bonitasoft.engine.command.CommandDescriptorImpl">
		<constructor-arg name="name">
			<value>isAllowedToStartProcesses</value>
		</constructor-arg>
		<constructor-arg name="description">
			<value>Check if the user can be allowed to start all of processes.</value>
		</constructor-arg>
		<constructor-arg name="implementation">
			<value>org.bonitasoft.engine.external.permission.IsAllowedToStartProcesses</value>
		</constructor-arg>
	</bean>

	<bean id="addEntityMemberCommand" class="org.bonitasoft.engine.command.CommandDescriptorImpl">
		<constructor-arg name="name">
			<value>addEntityMemberCommand</value>
		</constructor-arg>
		<constructor-arg name="description">
			<value>Adds a Entity member to the provided identity notions. Parameter keys: EXTERNAL_ID_KEY: Entity member id provided as is by the external system,
				userId: -1 is not needed, roleId: -1 is not needed, groupId: -1 is not needed</value>
		</constructor-arg>
		<constructor-arg name="implementation">
			<value>org.bonitasoft.engine.external.identitymapping.AddEntityMemberCommand</value>
		</constructor-arg>
	</bean>

	<bean id="removeEntityMemberCommand" class="org.bonitasoft.engine.command.CommandDescriptorImpl">
		<constructor-arg name="name">
			<value>removeEntityMemberCommand</value>
		</constructor-arg>
		<constructor-arg name="description">
			<value>Removes a Entity member mapping: ENTITY_MEMBER_ID_KEY: Entity member id to remove</value>
		</constructor-arg>
		<constructor-arg name="implementation">
			<value>org.bonitasoft.engine.external.identitymapping.RemoveEntityMemberCommand</value>
		</constructor-arg>
	</bean>

	<bean id="searchEntityMembersCommand" class="org.bonitasoft.engine.command.CommandDescriptorImpl">
		<constructor-arg name="name">
			<value>searchEntityMembersCommand</value>
		</constructor-arg>
		<constructor-arg name="description">
			<value>Searches Entity member mappings: Parameter keys: DISCRIMINATOR_ID_KEY: the discriminator to isolate the different functional notions,
				SEARCH_OPTIONS_KEY: the Search options to filter and sort the results, MEMBER_TYPE_KEY: Member Type to search for (USER, GROUP, ROLE, or MEMBERSHIP).
			</value>
		</constructor-arg>
		<constructor-arg name="implementation">
			<value>org.bonitasoft.engine.external.identitymapping.SearchEntityMembersCommand</value>
		</constructor-arg>
	</bean>

	<bean id="searchEntityMembersForUserCommand" class="org.bonitasoft.engine.command.CommandDescriptorImpl">
		<constructor-arg name="name">
			<value>searchEntityMembersForUserCommand</value>
		</constructor-arg>
		<constructor-arg name="description">
			<value>Searches Entity member mappings: Parameter keys: USER_ID_KEY: the ID of the user to search Entity members for (directly associated, or through role or
				group), DISCRIMINATOR_ID_KEY: the discriminator to isolate the different functional notions, SEARCH_OPTIONS_KEY: the Search options to filter and sort the
				results.</value>
		</constructor-arg>
		<constructor-arg name="implementation">
			<value>org.bonitasoft.engine.external.identitymapping.SearchEntityMembersForUserCommand</value>
		</constructor-arg>
	</bean>

	<bean id="deleteEntityMembersCommand" class="org.bonitasoft.engine.command.CommandDescriptorImpl">
		<constructor-arg name="name">
			<value>deleteEntityMembersCommand</value>
		</constructor-arg>
		<constructor-arg name="description">
			<value>Delete all Entity member mappings associated with provided externalId, for specific Discriminator. Parameter keys: EXTERNAL_ID_KEY: external id
				provided as is by the external system, DISCRIMINATOR_ID_KEY: the discriminator to isolate the different functional notions.</value>
		</constructor-arg>
		<constructor-arg name="implementation">
			<value>org.bonitasoft.engine.external.identitymapping.DeleteEntityMembersCommand</value>
		</constructor-arg>
	</bean>

	<bean id="searchWaitingEventsCommand" class="org.bonitasoft.engine.command.CommandDescriptorImpl">
		<constructor-arg name="name">
			<value>searchWaitingEventsCommand</value>
		</constructor-arg>
		<constructor-arg name="description">
			<value>Search waiting events. Parameter keys: searchOptions.</value>
		</constructor-arg>
		<constructor-arg name="implementation">
			<value>org.bonitasoft.engine.command.system.SearchWaitingEventsCommand</value>
		</constructor-arg>
	</bean>

    <bean id="advancedStartProcessCommand" class="org.bonitasoft.engine.command.CommandDescriptorImpl">
        <constructor-arg name="name">
            <value>advancedStartProcessCommand</value>
        </constructor-arg>
        <constructor-arg name="description">
            <value>Advanced start process.</value>
        </constructor-arg>
        <constructor-arg name="implementation">
            <value>org.bonitasoft.engine.command.AdvancedStartProcessCommand</value>
        </constructor-arg>
    </bean>

</beans>
