<beans xmlns="http://www.springframework.org/schema/beans" xmlns:xsi="http://www.w3.org/2001/XMLSchema-instance" xmlns:p="http://www.springframework.org/schema/p"
       xsi:schemaLocation="http://www.springframework.org/schema/beans http://www.springframework.org/schema/beans/spring-beans-3.0.xsd">

    <bean id="activityInstanceService" class="org.bonitasoft.engine.core.process.instance.impl.ActivityInstanceServiceImpl">
        <constructor-arg name="recorder" ref="recorderSync" />
        <constructor-arg name="persistenceService" ref="persistenceService" />
        <constructor-arg name="archiveService" ref="archiveService" />
        <constructor-arg name="eventService" ref="eventService" />
		<constructor-arg name="logger" ref="tenantTechnicalLoggerService" />
    </bean>

    <bean id="processInstanceService" class="org.bonitasoft.engine.core.process.instance.impl.ProcessInstanceServiceImpl">
        <constructor-arg name="recorder" ref="recorderSync" />
        <constructor-arg name="persistenceRead" ref="persistenceService" />
        <constructor-arg name="eventService" ref="eventService" />
        <constructor-arg name="activityService" ref="activityInstanceService" />
        <constructor-arg name="logger" ref="tenantTechnicalLoggerService" />
        <constructor-arg name="bpmEventInstanceService" ref="eventInstanceService" />
        <constructor-arg name="dataInstanceService" ref="dataInstanceService" />
        <constructor-arg name="archiveService" ref="archiveService" />
        <constructor-arg name="transitionService" ref="transitionService" />
        <constructor-arg name="processDefinitionService" ref="processDefinitionManager" />
        <constructor-arg name="connectorInstanceService" ref="connectorInstanceService" />
        <constructor-arg name="classLoaderService" ref="classLoaderService" />
        <constructor-arg name="processDocumentService" ref="processDocumentService" />
        <constructor-arg name="commentService" ref="commentService" />
        <constructor-arg name="tokenService" ref="tokenService" />
    </bean>
    
    <bean id="tokenService" class="org.bonitasoft.engine.core.process.instance.impl.TokenServiceImpl">
        <constructor-arg name="recorder" ref="recorderSync" />
        <constructor-arg name="persistenceRead" ref="persistenceService" />
        <constructor-arg name="eventService" ref="eventService" />
		<constructor-arg name="logger" ref="tenantTechnicalLoggerService" />
    </bean>

    <bean id="gatewayInstanceService" class="org.bonitasoft.engine.core.process.instance.impl.GatewayInstanceServiceImpl">
        <constructor-arg name="recorder" ref="recorderSync" />
        <constructor-arg name="eventService" ref="eventService" />
        <constructor-arg name="persistenceRead" ref="persistenceService" />
        <constructor-arg name="logger" ref="tenantTechnicalLoggerService" />
        <constructor-arg name="tokenService" ref="tokenService" />
    </bean>

    <bean id="transitionService" class="org.bonitasoft.engine.core.process.instance.impl.TransitionServiceImpl">
        <constructor-arg name="persistenceRead" ref="persistenceService" />
        <constructor-arg name="archiveService" ref="archiveService" />
    </bean>

    <bean id="eventInstanceService" class="org.bonitasoft.engine.core.process.instance.event.impl.EventInstanceServiceImpl">
        <constructor-arg name="recorder" ref="recorderSync" />
        <constructor-arg name="eventService" ref="eventService" />
        <constructor-arg name="persistenceService" ref="persistenceService" />
		<constructor-arg name="logger" ref="tenantTechnicalLoggerService" />
		<constructor-arg name="archiveService" ref="archiveService" />
    </bean>

</beans>