<beans xmlns="http://www.springframework.org/schema/beans"
    xmlns:xsi="http://www.w3.org/2001/XMLSchema-instance" xmlns:p="http://www.springframework.org/schema/p"
    xsi:schemaLocation="http://www.springframework.org/schema/beans http://www.springframework.org/schema/beans/spring-beans-3.0.xsd">

    <bean id="timeTracker" class="org.bonitasoft.engine.tracking.TimeTracker">
        <constructor-arg name="logger" ref="tenantTechnicalLoggerService" />
        <constructor-arg name="startFlushThread" value="false" />
        <constructor-arg name="flushEventListeners">
            <list>
<!--                 <ref bean="csvFlushEventListener" /> -->
            </list>
        </constructor-arg>
        <constructor-arg name="maxSize" value="1000000" />
        <constructor-arg name="flushIntervalInSeconds"
            value="10" />
        <constructor-arg name="activatedRecords">
            <list>
<!--                 <value>EXECUTE_CONNECTOR_INCLUDING_POOL_SUBMIT</value> -->
<!--                 <value>EXECUTE_CONNECTOR_CALLABLE</value> -->
<!--                 <value>EXECUTE_CONNECTOR_OUTPUT_OPERATIONS</value> -->
<!--                 <value>EXECUTE_CONNECTOR_INPUT_EXPRESSIONS</value> -->
<!--                 <value>EXECUTE_CONNECTOR_DISCONNECT</value> -->
<!--                 <value>EXECUTE_CONNECTOR_WORK</value> -->
            </list>
        </constructor-arg>
    </bean>

<!--     <bean id="csvFlushEventListener" -->
<!--         class="org.bonitasoft.engine.tracking.csv.CSVFlushEventListener"> -->
<!--         <constructor-arg name="logger" ref="tenantTechnicalLoggerService" /> -->
<!--         <constructor-arg name="outputFolder" value="/tmp" /> -->
<!--         <constructor-arg name="csvSeparator" value=";" /> -->
<!--     </bean> -->
    
</beans>
