<beans xmlns="http://www.springframework.org/schema/beans" xmlns:xsi="http://www.w3.org/2001/XMLSchema-instance" xmlns:p="http://www.springframework.org/schema/p"
	xsi:schemaLocation="http://www.springframework.org/schema/beans http://www.springframework.org/schema/beans/spring-beans-3.0.xsd">

	<bean id="expressionService" class="org.bonitasoft.engine.expression.impl.ExpressionServiceImpl">
		<constructor-arg name="expressionExecutorStrategyProvider" ref="expressionExecutorStrategyProvider" />
		<constructor-arg name="logger" ref="tenantTechnicalLoggerService" />
		<constructor-arg name="checkExpressionReturnType" value="true" />
	</bean>

	<bean id="expressionExecutorStrategyProvider" class="org.bonitasoft.engine.expression.ExpressionExecutorStrategyProvider">
		<property name="expressionExecutors">
			<list>
				<ref bean="constantExpressionExecutorStrategy" />
				<ref bean="groovyScriptExpressionExecutorStrategy" />
				<ref bean="inputExpressionExecutorStrategy" />
				<ref bean="dataExpressionExecutorStrategy" />
				<ref bean="transientDataExpressionExecutorStrategy" />
				<ref bean="patternExpressionExecutorStrategy" />
				<ref bean="documentReferenceExpressionExecutorStrategy" />
				<ref bean="engineConstantExpressionExecutorStrategy" />
				<ref bean="listExpressionExecutorStrategy" />
				<ref bean="conditionExpressionExecutorStrategy" />
				<ref bean="javaMethodCallExpressionExecutorStrategy" />
				<ref bean="xPathReadExpressionExecutorStrategy" />
			</list>
		</property>
	</bean>

	<bean id="constantExpressionExecutorStrategy" class="org.bonitasoft.engine.expression.impl.ConstantExpressionExecutorStrategy" />

	<bean id="groovyScriptExpressionExecutorStrategy" class="org.bonitasoft.engine.expression.impl.GroovyScriptExpressionExecutorCacheStrategy" >
		<constructor-arg name="cacheService" ref="cacheService" />
		<constructor-arg name="classLoaderService" ref="classLoaderService" />
		<constructor-arg name="logger" ref="tenantTechnicalLoggerService" />
	</bean>

	<bean id="inputExpressionExecutorStrategy" class="org.bonitasoft.engine.expression.impl.InputExpressionExecutorStrategy" />

	<bean id="patternExpressionExecutorStrategy" class="org.bonitasoft.engine.expression.impl.PatternExpressionExecutorStrategy" />

	<bean id="xPathReadExpressionExecutorStrategy" class="org.bonitasoft.engine.expression.impl.XPathReadExpressionExecutorStrategy" />

	<bean id="engineConstantExpressionExecutorStrategy" class="org.bonitasoft.engine.expression.EngineConstantExpressionExecutorStrategy" >
		<constructor-arg name="processInstanceService" ref="processInstanceService" />
		<constructor-arg name="activityInstanceService" ref="activityInstanceService" />
		<constructor-arg name="sessionService" ref="sessionService" />
		<constructor-arg name="sessionAccessor" ref="sessionAccessor" />
	</bean>

	<bean id="listExpressionExecutorStrategy" class="org.bonitasoft.engine.expression.impl.ListExpressionExecutorStrategy" />
	
	<bean id="conditionExpressionExecutorStrategy" class="org.bonitasoft.engine.expression.impl.ConditionExpressionExecutorStrategy" />

	<bean id="javaMethodCallExpressionExecutorStrategy" class="org.bonitasoft.engine.expression.impl.JavaMethodCallExpressionExecutorStrategy" />

</beans>
