<beans xmlns="http://www.springframework.org/schema/beans" xmlns:xsi="http://www.w3.org/2001/XMLSchema-instance" xmlns:p="http://www.springframework.org/schema/p"
       xsi:schemaLocation="http://www.springframework.org/schema/beans http://www.springframework.org/schema/beans/spring-beans-3.0.xsd">

    <bean id="dataInstanceService" class="org.bonitasoft.engine.data.instance.api.impl.DataInstanceServiceImpl">
        <constructor-arg name="recorder" ref="recorderSync" />
        <constructor-arg name="persistenceService" ref="persistenceService" />
        <constructor-arg name="archiveService" ref="archiveService" />
        <constructor-arg name="logger" ref="tenantTechnicalLoggerService" />
    </bean>

    <bean id="dataExpressionExecutorStrategy" class="org.bonitasoft.engine.data.instance.api.DataExpressionExecutorStrategy">
        <constructor-arg name="dataService" ref="dataInstanceService" />
    </bean>

</beans>