<beans xmlns="http://www.springframework.org/schema/beans" xmlns:xsi="http://www.w3.org/2001/XMLSchema-instance" xmlns:p="http://www.springframework.org/schema/p"
	xsi:schemaLocation="http://www.springframework.org/schema/beans http://www.springframework.org/schema/beans/spring-beans-3.0.xsd">

	<bean id="operationService" class="org.bonitasoft.engine.core.operation.impl.OperationServiceImpl">
		<constructor-arg name="operationExecutorStrategyProvider" ref="operationExecutorStrategyProvider" />
		<constructor-arg name="leftOperandHandlerProvider" ref="leftOperandHandlerProvider" />
		<constructor-arg name="expressionResolverService" ref="expressionResolverService" />
		<constructor-arg name="logger" ref="tenantTechnicalLoggerService" />
	</bean>

	<bean id="operationExecutorStrategyProvider" class="org.bonitasoft.engine.core.operation.OperationExecutorStrategyProvider" autowire="constructor"/>

	<bean id="leftOperandHandlerProvider" class="org.bonitasoft.engine.core.operation.LeftOperandHandlerProvider">
		<property name="leftOperandHandlers">
			<list>
				<ref bean="dataLeftOperandHandler" />
				<ref bean="transientDataLeftOperandHandler" />
				<ref bean="externalDataLeftOperandHandler" />
				<ref bean="documentLeftOperandHandler" />
			</list>
		</property>
	</bean>

	<bean id="assignmentOperationExecutorStrategy" class="org.bonitasoft.engine.core.operation.impl.AssignmentOperationExecutorStrategy" />

	<bean id="dataLeftOperandHandler" class="org.bonitasoft.engine.core.operation.impl.DataLeftOperandHandler">
		<constructor-arg name="dataInstanceService" ref="dataInstanceService" />
	</bean>

	<bean id="transientDataLeftOperandHandler" class="org.bonitasoft.engine.operation.TransientDataLeftOperandHandler">
		<constructor-arg name="transientDataService" ref="transientDataService" />
		<constructor-arg name="flownodeInstanceService" ref="activityInstanceService" />
		<constructor-arg name="processDefinitionService" ref="processDefinitionManager" />
		<constructor-arg name="bpmInstancesCreator" ref="bpmInstancesCreator" />
		<constructor-arg name="logger" ref="tenantTechnicalLoggerService" />
	</bean>

	<bean id="externalDataLeftOperandHandler" class="org.bonitasoft.engine.core.operation.impl.ExternalDataLeftOperandHandler"/>

	<bean id="javaMethodOperationExecutorStrategy" class="org.bonitasoft.engine.core.operation.impl.JavaMethodOperationExecutorStrategy" />

	<bean id="xpathUpdateQueryOperationExecutorStrategy" class="org.bonitasoft.engine.core.operation.impl.XpathUpdateQueryOperationExecutorStrategy" />

	<bean id="documentLeftOperandHandler" class="org.bonitasoft.engine.operation.DocumentLeftOperandHandler">
		<constructor-arg name="processDocumentService" ref="processDocumentService" />
		<constructor-arg name="activityInstanceService" ref="activityInstanceService" />
		<constructor-arg name="sessionAccessor" ref="sessionAccessor" />
		<constructor-arg name="sessionService" ref="sessionService" />
	</bean>
	

</beans>
