<beans xmlns="http://www.springframework.org/schema/beans" xmlns:xsi="http://www.w3.org/2001/XMLSchema-instance" xmlns:p="http://www.springframework.org/schema/p"
	xsi:schemaLocation="http://www.springframework.org/schema/beans http://www.springframework.org/schema/beans/spring-beans-3.0.xsd">
	
	<bean id="hbm-bos-process-document-mapping-model" class="org.bonitasoft.engine.persistence.HibernateResourcesProvider">
		<property name="resources">
			<set>
				<value>org/bonitasoft/engine/core/process/document/mapping/model/impl/hibernate/documentmapping.hbm.xml</value>
				<value>org/bonitasoft/engine/core/process/document/mapping/model/impl/hibernate/documentmapping.queries.hbm.xml</value>
			</set>
		</property>
		<property name="classAliasMappings">
			<map>
				<entry key="org.bonitasoft.engine.core.process.document.mapping.model.SDocumentMapping" value="docmapping" />
			</map>
		</property>
	</bean>
	
	<bean id="hbm-bos-process-document-mapping-model-arch" class="org.bonitasoft.engine.persistence.HibernateResourcesProvider">
		<property name="resources">
			<set>
				<value>org/bonitasoft/engine/core/process/document/mapping/model/impl/hibernate/archive.documentmapping.hbm.xml</value>
				<value>org/bonitasoft/engine/core/process/document/mapping/model/impl/hibernate/archive.documentmapping.queries.hbm.xml</value>
			</set>
		</property>
		<property name="classAliasMappings">
			<map>
				<entry key="org.bonitasoft.engine.core.process.document.mapping.model.archive.SADocumentMapping" value="docmapping" />
			</map>
		</property>
	</bean>
  
</beans>