<beans xmlns="http://www.springframework.org/schema/beans" xmlns:xsi="http://www.w3.org/2001/XMLSchema-instance" xmlns:p="http://www.springframework.org/schema/p"
	xsi:schemaLocation="http://www.springframework.org/schema/beans http://www.springframework.org/schema/beans/spring-beans-3.0.xsd">

	<bean id="hbm-bonita-process-instance-model" class="org.bonitasoft.engine.persistence.HibernateResourcesProvider">
		<property name="resources">
			<set>
				<value>org/bonitasoft/engine/core/process/instance/model/impl/hibernate/process.instance.hbm.xml</value>
				<value>org/bonitasoft/engine/core/process/instance/model/impl/hibernate/process.instance.queries.hbm.xml</value>
			</set>
		</property>
		<property name="classAliasMappings">
			<map>
				<entry key="org.bonitasoft.engine.core.process.instance.model.SProcessInstance" value="p" />
				<entry key="org.bonitasoft.engine.core.process.instance.model.SToken" value="t" />
				<entry key="org.bonitasoft.engine.core.process.instance.model.SActivityInstance" value="a" />
				<entry key="org.bonitasoft.engine.core.process.instance.model.SFlowNodeInstance" value="f" />
				<entry key="org.bonitasoft.engine.core.process.instance.model.SGatewayInstance" value="g" />
				<entry key="org.bonitasoft.engine.core.process.instance.model.SConnectorInstance" value="c" />
				<entry key="org.bonitasoft.engine.core.process.instance.model.SConnectorInstanceWithFailureInfo" value="cfi" />
				<entry key="org.bonitasoft.engine.core.process.instance.model.event.SStartEventInstance" value="e" />
				<entry key="org.bonitasoft.engine.core.process.instance.model.event.SBoundaryEventInstance" value="e" />
				<entry key="org.bonitasoft.engine.core.process.instance.model.event.SIntermediateCatchEventInstance" value="e" />
				<entry key="org.bonitasoft.engine.core.process.instance.model.event.SIntermediateThrowEventInstance" value="e" />
				<entry key="org.bonitasoft.engine.core.process.instance.model.event.SEndEventInstance" value="e" />
				<entry key="org.bonitasoft.engine.core.process.instance.model.event.SEventInstance" value="e" />
				<entry key="org.bonitasoft.engine.core.process.instance.model.event.trigger.STimerEventTriggerInstance" value="t" />
				<entry key="org.bonitasoft.engine.core.process.instance.model.event.trigger.SEventTriggerInstance" value="t" />
				<entry key="org.bonitasoft.engine.core.process.instance.model.event.trigger.SThrowMessageEventTriggerInstance" value="t" />
				<entry key="org.bonitasoft.engine.core.process.instance.model.event.trigger.SThrowSignalEventTriggerInstance" value="t" />
				<entry key="org.bonitasoft.engine.core.process.instance.model.event.trigger.SThrowErrorEventTriggerInstance" value="t" />
				<entry key="org.bonitasoft.engine.core.process.instance.model.event.handling.SWaitingEvent" value="s" />
				<entry key="org.bonitasoft.engine.core.process.instance.model.event.handling.SWaitingMessageEvent" value="s" />
				<entry key="org.bonitasoft.engine.core.process.instance.model.event.handling.SWaitingSignalEvent" value="s" />
				<entry key="org.bonitasoft.engine.core.process.instance.model.event.handling.SWaitingErrorEvent" value="s" />
				<entry key="org.bonitasoft.engine.core.process.instance.model.event.handling.SMessageInstance" value="m" />
				<entry key="org.bonitasoft.engine.core.process.instance.model.SPendingActivityMapping" value="mapping" />
				<entry key="org.bonitasoft.engine.core.process.instance.model.SActivityInstance" value="a" />
				<entry key="org.bonitasoft.engine.core.process.instance.model.SAutomaticTaskInstance" value="a" />
				<entry key="org.bonitasoft.engine.core.process.instance.model.SReceiveTaskInstance" value="a" />
				<entry key="org.bonitasoft.engine.core.process.instance.model.SCallActivityInstance" value="a" />
				<entry key="org.bonitasoft.engine.core.process.instance.model.SSubProcessActivityInstance" value="a" />
				<entry key="org.bonitasoft.engine.core.process.instance.model.SUserTaskInstance" value="a" />
				<entry key="org.bonitasoft.engine.core.process.instance.model.SHumanTaskInstance" value="a" />
				<entry key="org.bonitasoft.engine.core.process.instance.model.SLoopActivityInstance" value="la" />
				<entry key="org.bonitasoft.engine.core.process.instance.model.SMultiInstanceActivityInstance" value="a" />
				<entry key="org.bonitasoft.engine.core.process.instance.model.SUserTaskInstance" value="usertask" />
				<entry key="org.bonitasoft.engine.core.process.instance.model.SHiddenTaskInstance" value="h" />
			</map>
		</property>
	</bean>

	<!-- Archived objects -->
	<bean  id="hbm-bonita-process-instance-model-arch" class="org.bonitasoft.engine.persistence.HibernateResourcesProvider">
		<property name="resources">
			<set>
				<value>org/bonitasoft/engine/core/process/instance/model/impl/hibernate/archived.process.instance.hbm.xml</value>
				<value>org/bonitasoft/engine/core/process/instance/model/impl/hibernate/archived.process.instance.queries.hbm.xml</value>
			</set>
		</property>
		<property name="classAliasMappings">
			<map>
				<entry key="org.bonitasoft.engine.core.process.instance.model.archive.SAProcessInstance" value="ap" />
				<entry key="org.bonitasoft.engine.core.process.instance.model.archive.SAFlowNodeInstance" value="aa" />
				<entry key="org.bonitasoft.engine.core.process.instance.model.archive.SAActivityInstance" value="aa" />
				<entry key="org.bonitasoft.engine.core.process.instance.model.archive.SAAutomaticTaskInstance" value="aa" />
				<entry key="org.bonitasoft.engine.core.process.instance.model.archive.SAReceiveTaskInstance" value="aa" />
				<entry key="org.bonitasoft.engine.core.process.instance.model.archive.SASendTaskInstance" value="aa" />
				<entry key="org.bonitasoft.engine.core.process.instance.model.archive.SACallActivityInstance" value="aa" />
				<entry key="org.bonitasoft.engine.core.process.instance.model.archive.SASubProcessActivityInstance" value="aa" />
				<entry key="org.bonitasoft.engine.core.process.instance.model.archive.SAUserTaskInstance" value="aa" />
				<entry key="org.bonitasoft.engine.core.process.instance.model.archive.SAHumanTaskInstance" value="aa" />
				<entry key="org.bonitasoft.engine.core.process.instance.model.archive.SALoopActivityInstance" value="aa" />
				<entry key="org.bonitasoft.engine.core.process.instance.model.archive.SAGatewayInstance" value="aa" />
				<entry key="org.bonitasoft.engine.core.process.instance.model.archive.SATransitionInstance" value="at" />
				<entry key="org.bonitasoft.engine.core.process.instance.model.archive.SAConnectorInstance" value="ac" />
			</map>
		</property>
	</bean>

</beans>