<beans xmlns="http://www.springframework.org/schema/beans" xmlns:xsi="http://www.w3.org/2001/XMLSchema-instance" xmlns:p="http://www.springframework.org/schema/p"
	xsi:schemaLocation="http://www.springframework.org/schema/beans http://www.springframework.org/schema/beans/spring-beans-3.0.xsd">

	<bean id="actorMappingService" class="org.bonitasoft.engine.actor.mapping.impl.ActorMappingServiceImpl">
		<constructor-arg name="persistenceService" ref="persistenceService" />
		<constructor-arg name="recorder" ref="recorderSync" />
		<constructor-arg name="eventService" ref="eventService" />
        <constructor-arg name="queriableLoggerService" ref="syncQueriableLoggerService" />
		<constructor-arg name="identityService" ref="identityService" />
    </bean>

	<bean id="db-bos-actor-mapping" class="org.bonitasoft.engine.persistence.DBConfiguration">
		<constructor-arg name="createTablesFile" value="/org/bonitasoft/engine/actor/mapping/db/${db.vendor}-createTables.sql" />
		<constructor-arg name="initTablesFile" value="/org/bonitasoft/engine/actor/mapping/db/${db.vendor}-initTables.sql" />
		<constructor-arg name="cleanTablesFile" value="/org/bonitasoft/engine/actor/mapping/db/${db.vendor}-cleanTables.sql" />
		<constructor-arg name="dropTablesFile" value="/org/bonitasoft/engine/actor/mapping/db/${db.vendor}-dropTables.sql" />
		<constructor-arg name="filter" value="journal" />
		<constructor-arg name="deleteTenantObjectsFile" value="/org/bonitasoft/engine/actor/mapping/db/${db.vendor}-deleteTenantObjects.sql" />
		<constructor-arg name="deleteTenantObjectsPriority" type="int" value="20"/>
	</bean>

</beans>