<beans xmlns="http://www.springframework.org/schema/beans" xmlns:xsi="http://www.w3.org/2001/XMLSchema-instance" xmlns:p="http://www.springframework.org/schema/p"
	xsi:schemaLocation="http://www.springframework.org/schema/beans http://www.springframework.org/schema/beans/spring-beans-3.0.xsd">

	<bean id="identityService" class="org.bonitasoft.engine.identity.impl.IdentityServiceImpl">
		<constructor-arg name="eventService" ref="eventService" />
		<constructor-arg name="persistenceService" ref="persistenceService" />
		<constructor-arg name="recorder" ref="recorderSync" />
		<constructor-arg name="logger" ref="platformTechnicalLoggerService" />
        <constructor-arg name="queriableLoggerService" ref="syncQueriableLoggerService" />
        <constructor-arg name="encrypter">
        	<bean class="org.bonitasoft.engine.identity.impl.MD5CredentialsEncrypter" />
        </constructor-arg>
	</bean>

</beans>