<beans xmlns="http://www.springframework.org/schema/beans" xmlns:xsi="http://www.w3.org/2001/XMLSchema-instance" xmlns:p="http://www.springframework.org/schema/p"
	xsi:schemaLocation="http://www.springframework.org/schema/beans http://www.springframework.org/schema/beans/spring-beans-3.0.xsd">

	<bean id="db-bos-process-document-mapping-model" class="org.bonitasoft.engine.persistence.DBConfiguration">
		<constructor-arg name="createTablesFile" value="/org/bonitasoft/engine/core/process/document/mapping/model/impl/db/${db.vendor}-createTables.sql" />
		<constructor-arg name="initTablesFile" value="/org/bonitasoft/engine/core/process/document/mapping/model/impl/db/${db.vendor}-initTables.sql" />
		<constructor-arg name="cleanTablesFile" value="/org/bonitasoft/engine/core/process/document/mapping/model/impl/db/${db.vendor}-cleanTables.sql" />
		<constructor-arg name="dropTablesFile" value="/org/bonitasoft/engine/core/process/document/mapping/model/impl/db/${db.vendor}-dropTables.sql" />
		<constructor-arg name="filter" value="journal" />
		<constructor-arg name="deleteTenantObjectsFile" value="/org/bonitasoft/engine/core/process/document/mapping/model/impl/db/${db.vendor}-deleteTenantObjects.sql" />
		<constructor-arg name="deleteTenantObjectsPriority" type="int" value="13"/>
	</bean>
	
	<bean id="db-bos-process-document-mapping-model-arch" class="org.bonitasoft.engine.persistence.DBConfiguration">
		<constructor-arg name="createTablesFile" value="/org/bonitasoft/engine/core/process/document/mapping/model/impl/db/archive/${db.vendor}-createTables.sql" />
		<constructor-arg name="initTablesFile" value="/org/bonitasoft/engine/core/process/document/mapping/model/impl/db/archive/${db.vendor}-initTables.sql" />
		<constructor-arg name="cleanTablesFile" value="/org/bonitasoft/engine/core/process/document/mapping/model/impl/db/archive/${db.vendor}-cleanTables.sql" />
		<constructor-arg name="dropTablesFile" value="/org/bonitasoft/engine/core/process/document/mapping/model/impl/db/archive/${db.vendor}-dropTables.sql" />
		<constructor-arg name="filter" value="journal" />
		<constructor-arg name="deleteTenantObjectsFile" value="/org/bonitasoft/engine/core/process/document/mapping/model/impl/db/archive/${db.vendor}-deleteTenantObjects.sql" />
		<constructor-arg name="deleteTenantObjectsPriority" type="int" value="14"/>
	</bean>

</beans>