<beans xmlns="http://www.springframework.org/schema/beans" xmlns:xsi="http://www.w3.org/2001/XMLSchema-instance" xmlns:p="http://www.springframework.org/schema/p"
	xsi:schemaLocation="http://www.springframework.org/schema/beans http://www.springframework.org/schema/beans/spring-beans-3.0.xsd">

	<bean id="processDocumentService" class="org.bonitasoft.engine.core.process.document.api.impl.ProcessDocumentServiceImpl">
		<constructor-arg name="documentService" ref="documentService" />
		<constructor-arg name="documentMappingService" ref="documentMappingService" />
		<constructor-arg name="urlProvider" ref="documentURLProvider" />
	</bean>

	<bean name="documentURLProvider" class="org.bonitasoft.engine.core.process.document.api.impl.SDocumentDownloadURLProviderImpl" >
		<constructor-arg name="servletUrl" value="${document.servlet.url}"/>
	</bean>

</beans>
