<beans xmlns="http://www.springframework.org/schema/beans" xmlns:xsi="http://www.w3.org/2001/XMLSchema-instance" xmlns:p="http://www.springframework.org/schema/p"
	xsi:schemaLocation="http://www.springframework.org/schema/beans http://www.springframework.org/schema/beans/spring-beans-3.0.xsd">

	<bean id="platformPersistenceService" class="org.bonitasoft.engine.persistence.PlatformHibernatePersistenceService" depends-on="dbProperties" destroy-method="destroy">
		<constructor-arg name="name" value="platform" />
		<constructor-arg name="hbmConfigurationProvider" ref="journalConfigurationProvider" />
		<constructor-arg name="dbConfigurationsProvider" ref="dbConfigurationsProvider" />
		<constructor-arg name="statementDelimiter" value="${sql.delimiter}" />
		<constructor-arg name="likeEscapeCharacter" value="#" />
		<constructor-arg name="logger" ref="platformTechnicalLoggerService" />
		<constructor-arg name="sequenceManager" ref="sequenceManager" />
		<constructor-arg name="datasource" ref="bonitaSequenceManagerDSJNDI" />
        <constructor-arg name="enableWordSearch" value="false" />
        <constructor-arg name="wordSearchExclusionMappings">
            <set>
                <!-- value>org.bonitasoft.engine.identity.model.SUser</value -->
            </set>
        </constructor-arg>
	</bean>

	<bean id="persistenceService" class="org.bonitasoft.engine.persistence.TenantHibernatePersistenceService" depends-on="dbProperties" destroy-method="destroy">
		<constructor-arg name="name" value="journal" />
		<constructor-arg name="sessionAccessor" ref="sessionAccessor" />
		<constructor-arg name="hbmConfigurationProvider" ref="journalConfigurationProvider" />
		<constructor-arg name="tenantConfigurationsProvider" ref="dbConfigurationsProvider" />
		<constructor-arg name="statementDelimiter" value="${sql.delimiter}" />
		<constructor-arg name="likeEscapeCharacter" value="#" />
		<constructor-arg name="logger" ref="platformTechnicalLoggerService" />
		<constructor-arg name="sequenceManager" ref="sequenceManager" />
		<constructor-arg name="datasource" ref="bonitaSequenceManagerDSJNDI" />
        <constructor-arg name="enableWordSearch" value="false" />
        <constructor-arg name="wordSearchExclusionMappings">
            <set>
                <!-- value>org.bonitasoft.engine.identity.model.SUser</value -->
            </set>
        </constructor-arg>
	</bean>

	<bean id="journalConfigurationProvider" class="org.bonitasoft.engine.persistence.HibernateConfigurationProviderImpl">
		<constructor-arg name="properties">
			<bean class="org.bonitasoft.engine.service.impl.MapToPropertiesFactoryBean">
				<property name="map">
					<map>
						<entry key="hibernate.connection.datasource" value="${database.journal.datasource.name}"/>
						<entry key="hibernate.current_session_context_class" value="jta" />
						<entry key="hibernate.transaction.factory_class" value="org.hibernate.engine.transaction.internal.jta.CMTTransactionFactory" />
						<entry key="hibernate.transaction.jta.platform" value="${hibernate.transaction.jta_platform}" />
						<entry key="hibernate.dialect" value="${hibernate.journal.dialect}" />
						<entry key="hibernate.interceptor" value="${hibernate.journal.interceptor}" />
						<entry key="hibernate.show_sql" value="${hibernate.journal.show_sql}" />
						<entry key="hibernate.format_sql" value="${hibernate.journal.format_sql}" />
						<entry key="hibernate.use_sql_comments" value="${hibernate.journal.use_sql_comments}" />
						<entry key="hibernate.generate_statistics" value="false" />
						<entry key="hibernate.connection.shutdown" value="true" />
						<entry key="hibernate.validator.autoregister_listeners" value="false" />
						<entry key="hibernate.validator.apply_to_ddl" value="false" />
						<entry key="javax.persistence.validation.mode" value="NONE" />
					</map>
				</property>
			</bean>
		</constructor-arg>
		<constructor-arg name="interfaceToClassMapping">
			<map>
				<!-- platform -->
				<entry key="org.bonitasoft.engine.platform.model.SPlatform" value="org.bonitasoft.engine.platform.model.impl.SPlatformImpl" />
				<entry key="org.bonitasoft.engine.platform.model.STenant" value="org.bonitasoft.engine.platform.model.impl.STenantImpl" />
				<entry key="org.bonitasoft.engine.platform.command.model.SPlatformCommand" value="org.bonitasoft.engine.platform.command.model.impl.SPlatformCommandImpl" />
				<entry key="org.bonitasoft.engine.dependency.model.SPlatformDependency" value="org.bonitasoft.engine.dependency.model.impl.SPlatformDependencyImpl" />
				<entry key="org.bonitasoft.engine.dependency.model.SPlatformDependencyMapping" value="org.bonitasoft.engine.dependency.model.impl.SPlatformDependencyMappingImpl" />
				<!-- services -->
				<entry key="org.bonitasoft.engine.dependency.model.SDependency" value="org.bonitasoft.engine.dependency.model.impl.SDependencyImpl" />
				<entry key="org.bonitasoft.engine.dependency.model.SDependencyMapping" value="org.bonitasoft.engine.dependency.model.impl.SDependencyMappingImpl" />
				<entry key="org.bonitasoft.engine.identity.model.SUser" value="org.bonitasoft.engine.identity.model.impl.SUserImpl" />
				<entry key="org.bonitasoft.engine.identity.model.SRole" value="org.bonitasoft.engine.identity.model.impl.SRoleImpl" />
				<entry key="org.bonitasoft.engine.identity.model.SGroup" value="org.bonitasoft.engine.identity.model.impl.SGroupImpl" />
				<entry key="org.bonitasoft.engine.identity.model.SUserMembership" value="org.bonitasoft.engine.identity.model.impl.SUserMembershipImpl" />
				<entry key="org.bonitasoft.engine.identity.model.SCustomUserInfoDefinition" value="org.bonitasoft.engine.identity.model.impl.SCustomUserInfoDefinitionImpl" />
				<entry key="org.bonitasoft.engine.identity.model.SCustomUserInfoValue" value="org.bonitasoft.engine.identity.model.impl.SCustomUserInfoValueImpl" />
				<entry key="org.bonitasoft.engine.identity.model.SContactInfo" value="org.bonitasoft.engine.identity.model.impl.SContactInfoImpl" />
				<entry key="org.bonitasoft.engine.queriablelogger.model.SQueriableLog" value="org.bonitasoft.engine.queriablelogger.model.impl.SQueriableLogImpl" />
				<entry key="org.bonitasoft.engine.queriablelogger.model.SQueriableLogParameter" value="org.bonitasoft.engine.queriablelogger.model.impl.SQueriableLogParameterImpl" />
				<entry key="org.bonitasoft.engine.scheduler.model.SJobDescriptor" value="org.bonitasoft.engine.scheduler.model.impl.SJobDescriptorImpl" />
				<entry key="org.bonitasoft.engine.scheduler.model.SJobParameter" value="org.bonitasoft.engine.scheduler.model.impl.SJobParameterImpl" />
				<entry key="org.bonitasoft.engine.scheduler.model.SJobLog" value="org.bonitasoft.engine.scheduler.model.impl.SJobLogImpl" />
				<entry key="org.bonitasoft.engine.command.model.SCommand" value="org.bonitasoft.engine.command.model.SCommandImpl" />
				<entry key="org.bonitasoft.engine.data.instance.model.SDataInstance" value="org.bonitasoft.engine.data.instance.model.impl.SDataInstanceImpl" />
				<entry key="org.bonitasoft.engine.data.instance.model.SBooleanDataInstance" value="org.bonitasoft.engine.data.instance.model.impl.SBooleanDataInstanceImpl" />
				<entry key="org.bonitasoft.engine.data.instance.model.SIntegerDataInstance" value="org.bonitasoft.engine.data.instance.model.impl.SIntegerDataInstanceImpl" />
				<entry key="org.bonitasoft.engine.data.instance.model.SDoubleDataInstance" value="org.bonitasoft.engine.data.instance.model.impl.SDoubleDataInstanceImpl" />
				<entry key="org.bonitasoft.engine.data.instance.model.SFloatDataInstance" value="org.bonitasoft.engine.data.instance.model.impl.SFloatDataInstanceImpl" />
				<entry key="org.bonitasoft.engine.data.instance.model.SShortTextDataInstance" value="org.bonitasoft.engine.data.instance.model.impl.SShortTextDataInstanceImpl" />
				<entry key="org.bonitasoft.engine.data.instance.model.SLongDataInstance" value="org.bonitasoft.engine.data.instance.model.impl.SLongDataInstanceImpl" />
				<entry key="org.bonitasoft.engine.data.instance.model.SDateDataInstance" value="org.bonitasoft.engine.data.instance.model.impl.SDateDataInstanceImpl" />
				<entry key="org.bonitasoft.engine.data.instance.model.SLongTextDataInstance" value="org.bonitasoft.engine.data.instance.model.impl.SLongTextDataInstanceImpl" />
				<entry key="org.bonitasoft.engine.data.instance.model.SXMLDataInstance" value="org.bonitasoft.engine.data.instance.model.impl.SXMLDataInstanceImpl" />
				<entry key="org.bonitasoft.engine.data.instance.model.SBlobDataInstance" value="org.bonitasoft.engine.data.instance.model.impl.SBlobDataInstanceImpl" />
				<entry key="org.bonitasoft.engine.data.instance.model.SXMLObjectDataInstance" value="org.bonitasoft.engine.data.instance.model.impl.SXMLObjectDataInstanceImpl" />
				<entry key="org.bonitasoft.engine.data.instance.model.SDataInstanceVisibilityMapping" value="org.bonitasoft.engine.data.instance.model.impl.SDataInstanceVisibilityMappingImpl" />
				<entry key="org.bonitasoft.engine.profile.model.SProfile" value="org.bonitasoft.engine.profile.model.impl.SProfileImpl" />
				<entry key="org.bonitasoft.engine.profile.model.SProfileEntry" value="org.bonitasoft.engine.profile.model.impl.SProfileEntryImpl" />
				<entry key="org.bonitasoft.engine.profile.model.SProfileMember" value="org.bonitasoft.engine.profile.model.impl.SProfileMemberImpl" />
				<entry key="org.bonitasoft.engine.theme.model.STheme" value="org.bonitasoft.engine.theme.model.impl.SThemeImpl" />

				<entry key="org.bonitasoft.engine.data.instance.model.archive.SABooleanDataInstance" value="org.bonitasoft.engine.data.instance.model.archive.impl.SABooleanDataInstanceImpl" />
				<entry key="org.bonitasoft.engine.data.instance.model.archive.SAIntegerDataInstance" value="org.bonitasoft.engine.data.instance.model.archive.impl.SAIntegerDataInstanceImpl" />
				<entry key="org.bonitasoft.engine.data.instance.model.archive.SADoubleDataInstance" value="org.bonitasoft.engine.data.instance.model.archive.impl.SADoubleDataInstanceImpl" />
				<entry key="org.bonitasoft.engine.data.instance.model.archive.SAFloatDataInstance" value="org.bonitasoft.engine.data.instance.model.archive.impl.SAFloatDataInstanceImpl" />
				<entry key="org.bonitasoft.engine.data.instance.model.archive.SAShortTextDataInstance" value="org.bonitasoft.engine.data.instance.model.archive.impl.SAShortTextDataInstanceImpl" />
				<entry key="org.bonitasoft.engine.data.instance.model.archive.SALongDataInstance" value="org.bonitasoft.engine.data.instance.model.archive.impl.SALongDataInstanceImpl" />
				<entry key="org.bonitasoft.engine.data.instance.model.archive.SADateDataInstance" value="org.bonitasoft.engine.data.instance.model.archive.impl.SADateDataInstanceImpl" />
				<entry key="org.bonitasoft.engine.data.instance.model.archive.SALongTextDataInstance" value="org.bonitasoft.engine.data.instance.model.archive.impl.SALongTextDataInstanceImpl" />
				<entry key="org.bonitasoft.engine.data.instance.model.archive.SAXMLDataInstance" value="org.bonitasoft.engine.data.instance.model.archive.impl.SAXMLDataInstanceImpl" />
				<entry key="org.bonitasoft.engine.data.instance.model.archive.SABlobDataInstance" value="org.bonitasoft.engine.data.instance.model.archive.impl.SABlobDataInstanceImpl" />
				<entry key="org.bonitasoft.engine.data.instance.model.archive.SAXMLObjectDataInstance" value="org.bonitasoft.engine.data.instance.model.archive.impl.SAXMLObjectDataInstanceImpl" />

				<entry key="org.bonitasoft.engine.data.instance.model.archive.SADataInstance" value="org.bonitasoft.engine.data.instance.model.archive.impl.SADataInstanceImpl" />
				<entry key="org.bonitasoft.engine.data.instance.model.archive.SADataInstanceVisibilityMapping" value="org.bonitasoft.engine.data.instance.model.archive.impl.SADataInstanceVisibilityMappingImpl" />

				<!-- bpm -->
				<entry key="org.bonitasoft.engine.actor.mapping.model.SActor" value="org.bonitasoft.engine.actor.mapping.model.impl.SActorImpl" />
				<entry key="org.bonitasoft.engine.actor.mapping.model.SActorMember" value="org.bonitasoft.engine.actor.mapping.model.impl.SActorMemberImpl" />
				<entry key="org.bonitasoft.engine.core.process.instance.model.SProcessInstance" value="org.bonitasoft.engine.core.process.instance.model.impl.SProcessInstanceImpl" />
				<entry key="org.bonitasoft.engine.core.process.instance.model.SFlowNodeInstance" value="org.bonitasoft.engine.core.process.instance.model.impl.SFlowNodeInstanceImpl" />
				<entry key="org.bonitasoft.engine.core.process.instance.model.SActivityInstance" value="org.bonitasoft.engine.core.process.instance.model.impl.SActivityInstanceImpl" />
				<entry key="org.bonitasoft.engine.core.process.instance.model.SAutomaticTaskInstance" value="org.bonitasoft.engine.core.process.instance.model.impl.SAutomaticTaskInstanceImpl" />
				<entry key="org.bonitasoft.engine.core.process.instance.model.SReceiveTaskInstance" value="org.bonitasoft.engine.core.process.instance.model.impl.SReceiveTaskInstanceImpl" />
				<entry key="org.bonitasoft.engine.core.process.instance.model.SSendTaskInstance" value="org.bonitasoft.engine.core.process.instance.model.impl.SSendTaskInstanceImpl" />
				<entry key="org.bonitasoft.engine.core.process.instance.model.SCallActivityInstance" value="org.bonitasoft.engine.core.process.instance.model.impl.SCallActivityInstanceImpl" />
				<entry key="org.bonitasoft.engine.core.process.instance.model.SSubProcessActivityInstance" value="org.bonitasoft.engine.core.process.instance.model.impl.SSubProcessActivityInstanceImpl" />
				<entry key="org.bonitasoft.engine.core.process.instance.model.SUserTaskInstance" value="org.bonitasoft.engine.core.process.instance.model.impl.SUserTaskInstanceImpl" />
				<entry key="org.bonitasoft.engine.core.process.instance.model.SHumanTaskInstance" value="org.bonitasoft.engine.core.process.instance.model.impl.SHumanTaskInstanceImpl" />
				<entry key="org.bonitasoft.engine.core.process.instance.model.SManualTaskInstance" value="org.bonitasoft.engine.core.process.instance.model.impl.SManualTaskInstanceImpl" />
				<entry key="org.bonitasoft.engine.core.process.instance.model.SLoopActivityInstance" value="org.bonitasoft.engine.core.process.instance.model.impl.SLoopActivityInstanceImpl" />
				<entry key="org.bonitasoft.engine.core.process.instance.model.SMultiInstanceActivityInstance" value="org.bonitasoft.engine.core.process.instance.model.impl.SMultiInstanceActivityInstanceImpl" />
				<entry key="org.bonitasoft.engine.core.process.instance.model.SGatewayInstance" value="org.bonitasoft.engine.core.process.instance.model.impl.SGatewayInstanceImpl" />
				<entry key="org.bonitasoft.engine.core.process.instance.model.event.SEventInstance" value="org.bonitasoft.engine.core.process.instance.model.event.impl.SEventInstanceImpl" />
				<entry key="org.bonitasoft.engine.core.process.instance.model.event.SStartEventInstance" value="org.bonitasoft.engine.core.process.instance.model.event.impl.SStartEventInstanceImpl" />
				<entry key="org.bonitasoft.engine.core.process.instance.model.event.SIntermediateCatchEventInstance" value="org.bonitasoft.engine.core.process.instance.model.event.impl.SIntermediateCatchEventInstanceImpl" />
				<entry key="org.bonitasoft.engine.core.process.instance.model.event.SBoundaryEventInstance" value="org.bonitasoft.engine.core.process.instance.model.event.impl.SBoundaryEventInstanceImpl" />
				<entry key="org.bonitasoft.engine.core.process.instance.model.event.SIntermediateThrowEventInstance" value="org.bonitasoft.engine.core.process.instance.model.event.impl.SIntermediateThrowEventInstanceImpl" />
				<entry key="org.bonitasoft.engine.core.process.instance.model.event.SEndEventInstance" value="org.bonitasoft.engine.core.process.instance.model.event.impl.SEndEventInstanceImpl" />
				<entry key="org.bonitasoft.engine.core.process.definition.model.SProcessDefinitionDeployInfo" value="org.bonitasoft.engine.core.process.definition.model.impl.SProcessDefinitionDeployInfoImpl" />
				<entry key="org.bonitasoft.engine.core.process.instance.model.SConnectorInstance" value="org.bonitasoft.engine.core.process.instance.model.impl.SConnectorInstanceImpl" />
				<entry key="org.bonitasoft.engine.core.process.instance.model.SConnectorInstanceWithFailureInfo" value="org.bonitasoft.engine.core.process.instance.model.impl.SConnectorInstanceWithFailureInfoImpl" />
				<entry key="org.bonitasoft.engine.core.process.instance.model.event.trigger.SEventTriggerInstance" value="org.bonitasoft.engine.core.process.instance.model.event.trigger.impl.SEventTriggerInstanceImpl" />
				<entry key="org.bonitasoft.engine.core.process.instance.model.event.trigger.STimerEventTriggerInstance" value="org.bonitasoft.engine.core.process.instance.model.event.trigger.impl.STimerEventTriggerInstanceImpl" />
				<entry key="org.bonitasoft.engine.core.process.instance.model.event.trigger.SThrowMessageEventTriggerInstance" value="org.bonitasoft.engine.core.process.instance.model.event.trigger.impl.SThrowMessageEventTriggerInstanceImpl" />
				<entry key="org.bonitasoft.engine.core.process.instance.model.event.trigger.SThrowSignalEventTriggerInstance" value="org.bonitasoft.engine.core.process.instance.model.event.trigger.impl.SThrowSignalEventTriggerInstanceImpl" />
				<entry key="org.bonitasoft.engine.core.process.instance.model.event.trigger.SThrowErrorEventTriggerInstance" value="org.bonitasoft.engine.core.process.instance.model.event.trigger.impl.SThrowErrorEventTriggerInstanceImpl" />
				<entry key="org.bonitasoft.engine.core.process.instance.model.event.handling.SWaitingEvent" value="org.bonitasoft.engine.core.process.instance.model.event.handling.impl.SWaitingEventImpl" />
				<entry key="org.bonitasoft.engine.core.process.instance.model.event.handling.SWaitingMessageEvent" value="org.bonitasoft.engine.core.process.instance.model.event.handling.impl.SWaitingMessageEventImpl" />
				<entry key="org.bonitasoft.engine.core.process.instance.model.event.handling.SWaitingSignalEvent" value="org.bonitasoft.engine.core.process.instance.model.event.handling.impl.SWaitingSignalEventImpl" />
				<entry key="org.bonitasoft.engine.core.process.instance.model.event.handling.SWaitingErrorEvent" value="org.bonitasoft.engine.core.process.instance.model.event.handling.impl.SWaitingErrorEventImpl" />
				<entry key="org.bonitasoft.engine.core.process.instance.model.event.handling.SMessageInstance" value="org.bonitasoft.engine.core.process.instance.model.event.handling.impl.SMessageInstanceImpl" />
				<entry key="org.bonitasoft.engine.core.process.instance.model.SPendingActivityMapping" value="org.bonitasoft.engine.core.process.instance.model.impl.SPendingActivityMappingImpl" />

				<entry key="org.bonitasoft.engine.core.category.model.SCategory" value="org.bonitasoft.engine.core.category.model.impl.SCategoryImpl" />
				<entry key="org.bonitasoft.engine.core.category.model.SProcessCategoryMapping" value="org.bonitasoft.engine.core.category.model.impl.SProcessCategoryMappingImpl" />
				<entry key="org.bonitasoft.engine.core.process.document.mapping.model.SDocumentMapping" value="org.bonitasoft.engine.core.process.document.mapping.model.impl.SDocumentMappingImpl" />
				<entry key="org.bonitasoft.engine.supervisor.mapping.model.SProcessSupervisor" value="org.bonitasoft.engine.supervisor.mapping.model.impl.SProcessSupervisorImpl" />

				<entry key="org.bonitasoft.engine.core.process.comment.model.SComment" value="org.bonitasoft.engine.core.process.comment.model.impl.SCommentImpl" />
				<entry key="org.bonitasoft.engine.core.process.comment.model.SHumanComment" value="org.bonitasoft.engine.core.process.comment.model.impl.SHumanCommentImpl" />
				<entry key="org.bonitasoft.engine.core.process.comment.model.SSystemComment" value="org.bonitasoft.engine.core.process.comment.model.impl.SSystemCommentImpl" />
				<entry key="org.bonitasoft.engine.external.identity.mapping.model.SExternalIdentityMapping" value="org.bonitasoft.engine.external.identity.mapping.model.impl.SExternalIdentityMappingImpl" />
				<entry key="org.bonitasoft.engine.core.process.comment.model.archive.SAComment" value="org.bonitasoft.engine.core.process.comment.model.archive.impl.SACommentImpl" />
				<entry key="org.bonitasoft.engine.document.model.SDocumentContent" value="org.bonitasoft.engine.document.model.impl.SDocumentContentImpl" />
				<entry key="org.bonitasoft.engine.core.process.instance.model.SHiddenTaskInstance" value="org.bonitasoft.engine.core.process.instance.model.impl.SHiddenTaskInstanceImpl" />
				<entry key="org.bonitasoft.engine.core.process.instance.model.SToken" value="org.bonitasoft.engine.core.process.instance.model.impl.STokenImpl" />

				<!-- archived objects -->
				<entry key="org.bonitasoft.engine.core.process.instance.model.archive.SAProcessInstance" value="org.bonitasoft.engine.core.process.instance.model.archive.impl.SAProcessInstanceImpl" />
				<entry key="org.bonitasoft.engine.core.process.instance.model.archive.SAFlowNodeInstance" value="org.bonitasoft.engine.core.process.instance.model.archive.impl.SAFlowNodeInstanceImpl" />
				<entry key="org.bonitasoft.engine.core.process.instance.model.archive.SAActivityInstance" value="org.bonitasoft.engine.core.process.instance.model.archive.impl.SAActivityInstanceImpl" />
				<entry key="org.bonitasoft.engine.core.process.instance.model.archive.SAAutomaticTaskInstance" value="org.bonitasoft.engine.core.process.instance.model.archive.impl.SAAutomaticTaskInstanceImpl" />
				<entry key="org.bonitasoft.engine.core.process.instance.model.archive.SAReceiveTaskInstance" value="org.bonitasoft.engine.core.process.instance.model.archive.impl.SAReceiveTaskInstanceImpl" />
				<entry key="org.bonitasoft.engine.core.process.instance.model.archive.SASendTaskInstance" value="org.bonitasoft.engine.core.process.instance.model.archive.impl.SASendTaskInstanceImpl" />
				<entry key="org.bonitasoft.engine.core.process.instance.model.archive.SACallActivityInstance" value="org.bonitasoft.engine.core.process.instance.model.archive.impl.SACallActivityInstanceImpl" />
				<entry key="org.bonitasoft.engine.core.process.instance.model.archive.SASubProcessActivityInstance" value="org.bonitasoft.engine.core.process.instance.model.archive.impl.SASubProcessActivityInstanceImpl" />
				<entry key="org.bonitasoft.engine.core.process.instance.model.archive.SAUserTaskInstance" value="org.bonitasoft.engine.core.process.instance.model.archive.impl.SAUserTaskInstanceImpl" />
				<entry key="org.bonitasoft.engine.core.process.instance.model.archive.SAManualTaskInstance" value="org.bonitasoft.engine.core.process.instance.model.archive.impl.SAManualTaskInstanceImpl" />
				<entry key="org.bonitasoft.engine.core.process.instance.model.archive.SAHumanTaskInstance" value="org.bonitasoft.engine.core.process.instance.model.archive.impl.SAHumanTaskInstanceImpl" />
				<entry key="org.bonitasoft.engine.core.process.instance.model.archive.SALoopActivityInstance" value="org.bonitasoft.engine.core.process.instance.model.archive.impl.SALoopActivityInstanceImpl" />
				<entry key="org.bonitasoft.engine.core.process.instance.model.archive.SAMultiInstanceActivityInstance" value="org.bonitasoft.engine.core.process.instance.model.archive.impl.SAMultiInstanceActivityInstanceImpl" />
				<entry key="org.bonitasoft.engine.core.process.instance.model.archive.event.SAStartEventInstance" value="org.bonitasoft.engine.core.process.instance.model.archive.event.impl.SAStartEventInstanceImpl" />
				<entry key="org.bonitasoft.engine.core.process.instance.model.archive.event.SAEndEventInstance" value="org.bonitasoft.engine.core.process.instance.model.archive.event.impl.SAEndEventInstanceImpl" />
				<entry key="org.bonitasoft.engine.core.process.instance.model.archive.SAGatewayInstance" value="org.bonitasoft.engine.core.process.instance.model.archive.impl.SAGatewayInstanceImpl" />
				<entry key="org.bonitasoft.engine.core.process.instance.model.archive.SATransitionInstance" value="org.bonitasoft.engine.core.process.instance.model.archive.impl.SATransitionInstanceImpl" />
				<entry key="org.bonitasoft.engine.core.process.instance.model.archive.SAConnectorInstance" value="org.bonitasoft.engine.core.process.instance.model.archive.impl.SAConnectorInstanceImpl" />
				<entry key="org.bonitasoft.engine.core.process.document.mapping.model.archive.SADocumentMapping" value="org.bonitasoft.engine.core.process.document.mapping.model.archive.impl.SADocumentMappingImpl" />
			</map>
		</constructor-arg>
		<constructor-arg name="mappingExclusions">
			<list>
				<value>org.bonitasoft.engine.core.process.instance.model.event.handling.SMessageEventCouple</value>
			</list>
		</constructor-arg>
		<constructor-arg ref="hbmResourcesConfigurationProvider" />
	</bean>

	<bean id="hbmResourcesConfigurationProvider" class="org.bonitasoft.engine.persistence.HibernateResourcesConfigurationProviderImpl">
		<property name="hbmResources">
			<list>
				<ref bean="hbm-bonita-dependency-model" />
				<ref bean="hbm-bonita-dependency-platform-model" />
				<ref bean="hbm-bonita-document-model" />
				<ref bean="hbm-bonita-identity-model" />
				<ref bean="hbm-bonita-log-model" />
				<ref bean="hbm-bonita-platform-model" />
				<ref bean="hbm-bonita-process-definition-model" />
				<ref bean="hbm-bonita-process-instance-model" />
				<ref bean="hbm-bonita-process-instance-model-arch" />
				<ref bean="hbm-bonita-scheduler" />
				<ref bean="hbm-bos-actor-mapping" />
				<ref bean="hbm-bos-category-model" />
				<ref bean="hbm-bos-command-model" />
				<ref bean="hbm-bos-data-instance-model" />
				<ref bean="hbm-bos-data-instance-model-arch" />
				<ref bean="hbm-bos-external-identity-mapping" />
				<ref bean="hbm-bos-platform-command-model" />
				<ref bean="hbm-bos-process-comment-model" />
				<ref bean="hbm-bos-process-comment-model-arch" />
				<ref bean="hbm-bos-process-document-mapping-model" />
				<ref bean="hbm-bos-process-document-mapping-model-arch" />
				<ref bean="hbm-bos-profile-model" />
				<ref bean="hbm-bos-theme-model" />
				<ref bean="hbm-bos-supervisor-mapping" />
			</list>
		</property>
	</bean>

</beans>
