<beans xmlns="http://www.springframework.org/schema/beans" xmlns:xsi="http://www.w3.org/2001/XMLSchema-instance" xmlns:p="http://www.springframework.org/schema/p"
	xsi:schemaLocation="http://www.springframework.org/schema/beans http://www.springframework.org/schema/beans/spring-beans-3.0.xsd">

	<bean id="platformService" class="org.bonitasoft.engine.platform.impl.PlatformServiceImpl">
		<constructor-arg ref="platformPersistenceService" />
		<constructor-arg name="tenantPersistenceServices">
			<list>
				<ref bean="persistenceService" />
			</list>
		</constructor-arg>
		<constructor-arg ref="platformTechnicalLoggerService" />
		<constructor-arg ref="platformCacheService" />
		<constructor-arg ref="platformProperties" />
	</bean>

</beans>