<beans xmlns="http://www.springframework.org/schema/beans" xmlns:xsi="http://www.w3.org/2001/XMLSchema-instance" xmlns:p="http://www.springframework.org/schema/p"
	xsi:schemaLocation="http://www.springframework.org/schema/beans http://www.springframework.org/schema/beans/spring-beans-3.0.xsd">

	<bean id="archiveService" class="org.bonitasoft.engine.archive.impl.ArchiveServiceImpl">
		<constructor-arg name="definitiveArchiveDescriptor" ref="definitiveArchiveDescriptor" />
		<constructor-arg name="definitiveArchivePersistenceService" ref="persistenceService" />
		<constructor-arg name="logger" ref="platformTechnicalLoggerService" />
		<constructor-arg name="archivingStrategy" ref="archivingStrategy" />
		<constructor-arg ref="transactionService" />
	</bean>

	<bean id="definitiveArchiveDescriptor" class="org.bonitasoft.engine.archive.impl.SArchiveDescriptorImpl">
		<constructor-arg name="name" value="${org.bonitasoft.engine.archive.name}" />
		<constructor-arg name="oldestTime" value="${org.bonitasoft.engine.archive.oldestTime}" />
		<constructor-arg name="newestTime" value="${org.bonitasoft.engine.archive.newestTime}" />
	</bean>

</beans>