<beans xmlns="http://www.springframework.org/schema/beans" xmlns:xsi="http://www.w3.org/2001/XMLSchema-instance" xmlns:p="http://www.springframework.org/schema/p"
       xsi:schemaLocation="http://www.springframework.org/schema/beans http://www.springframework.org/schema/beans/spring-beans-3.0.xsd">

    <bean id="commentService" class="org.bonitasoft.engine.core.process.comment.api.impl.SCommentServiceImpl">
        <constructor-arg name="recorder" ref="recorderSync" />
        <constructor-arg name="sessionService" ref="sessionService" />
        <constructor-arg name="sessionAccessor" ref="sessionAccessor" />
        <constructor-arg name="persistenceService" ref="persistenceService" />
        <constructor-arg name="archiveService" ref="archiveService" />
        <constructor-arg name="systemCommentType">
            <map>
                <entry key="STATE_CHANGE" value="true" />
            </map>
        </constructor-arg>
        <constructor-arg name="eventService" ref="eventService" />
    </bean>

</beans>