<beans xmlns="http://www.springframework.org/schema/beans" xmlns:xsi="http://www.w3.org/2001/XMLSchema-instance" xmlns:p="http://www.springframework.org/schema/p"
	xsi:schemaLocation="http://www.springframework.org/schema/beans http://www.springframework.org/schema/beans/spring-beans-3.0.xsd">

	<bean id="quartzProperties" class="org.springframework.beans.factory.config.PropertiesFactoryBean">
		<property name="properties">
			<props>
				<prop key="org.quartz.scheduler.skipUpdateCheck">${org.quartz.scheduler.skipUpdateCheck:true}</prop>
				<prop key="org.quartz.threadPool.class">org.quartz.simpl.SimpleThreadPool</prop>
				<prop key="org.quartz.threadPool.threadCount">5</prop>
				<prop key="org.quartz.jobStore.class">org.bonitasoft.engine.scheduler.impl.BonitaJobStoreCMT</prop>
				<prop key="org.quartz.jobStore.driverDelegateClass">${quartz.connection.jobstoredriver:org.quartz.impl.jdbcjobstore.StdJDBCDelegate}</prop>
				<prop key="org.quartz.jobStore.dataSource">managedDS</prop>
				<prop key="org.quartz.jobStore.useProperties">true</prop>
				<prop key="org.quartz.jobStore.nonManagedTXDataSource">notManagedDS</prop>
				<prop key="org.quartz.dataSource.managedDS.jndiURL">${database.journal.datasource.name}</prop>
				<prop key="org.quartz.dataSource.notManagedDS.jndiURL">${database.sequence.manager.datasource.name}</prop>
				<prop key="org.quartz.jobStore.dontSetAutoCommitFalse">true</prop>
				<prop key="org.quartz.scheduler.wrapJobExecutionInUserTransaction">true</prop>
				<prop key="org.quartz.scheduler.userTransactionURL">${userTransaction}</prop>
			</props>
		</property>
	</bean>

	<bean id="loggerJobListener" class="org.bonitasoft.engine.scheduler.impl.TechnicalLoggerJobListener">
		<constructor-arg name="logger" ref="platformTechnicalLoggerService" />
	</bean>

	<bean id="jdbcJobListener" class="org.bonitasoft.engine.scheduler.impl.JDBCJobListener">
		<constructor-arg name="jobService" ref="jobService" />
		<constructor-arg name="incidentService" ref="incidentService" />
	</bean>

	<bean id="schedulerExecutor" class="org.bonitasoft.engine.scheduler.impl.QuartzSchedulerExecutor">
		<constructor-arg name="schedulerFactory" ref="quartzSchedulerFactory" />
		<constructor-arg name="jobListeners">
			<list>
				<ref bean="loggerJobListener" />
				<ref bean="jdbcJobListener" />
			</list>
		</constructor-arg>
		<constructor-arg name="transactionService" ref="transactionService" />
		<constructor-arg name="useOptimization" value="true" />
	</bean>

	<bean id="jobService" class="org.bonitasoft.engine.scheduler.impl.JobServiceImpl">
		<constructor-arg name="eventService" ref="eventService" />
		<constructor-arg name="recorder" ref="recorderSync" />
		<constructor-arg name="readPersistenceService" ref="persistenceService" />
	</bean>

	<bean id="scheduler" class="org.bonitasoft.engine.scheduler.impl.SchedulerServiceImpl">
		<constructor-arg name="schedulerExecutor" ref="schedulerExecutor" />
		<constructor-arg name="jobService" ref="jobService" />
		<constructor-arg name="logger" ref="platformTechnicalLoggerService" />
		<constructor-arg name="eventService" ref="eventService" />
		<constructor-arg name="transactionService" ref="transactionService" />
		<constructor-arg name="sessionAccessor" ref="sessionAccessor" />
		<constructor-arg name="servicesResolver" ref="servicesResolver" />
		<constructor-arg name="batchSize" value="1000" />
	</bean>

	<bean id="servicesResolver" class="org.bonitasoft.engine.service.ProcessEngineServicesResolver" />

	<bean id="db-bonita-scheduler-quartz" class="org.bonitasoft.engine.persistence.DBConfiguration">
		<constructor-arg name="createTablesFile" value="/org/bonitasoft/engine/scheduler/${db.vendor}-createQuartzTables.sql" />
		<constructor-arg name="initTablesFile">
			<null />
		</constructor-arg>
		<constructor-arg name="cleanTablesFile">
			<null />
		</constructor-arg>
		<constructor-arg name="dropTablesFile" value="/org/bonitasoft/engine/scheduler/${db.vendor}-dropQuartzTables.sql" />
		<constructor-arg name="filter" value="platform" />
	</bean>

	<bean id="db-bonita-scheduler" class="org.bonitasoft.engine.persistence.DBConfiguration">
		<constructor-arg name="createTablesFile" value="/org/bonitasoft/engine/scheduler/impl/db/${db.vendor}-createTables.sql" />
		<constructor-arg name="initTablesFile" value="/org/bonitasoft/engine/scheduler/impl/db/${db.vendor}-initTables.sql" />
		<constructor-arg name="cleanTablesFile" value="/org/bonitasoft/engine/scheduler/impl/db/${db.vendor}-cleanTables.sql" />
		<constructor-arg name="dropTablesFile" value="/org/bonitasoft/engine/scheduler/impl/db/${db.vendor}-dropTables.sql" />
		<constructor-arg name="filter" value="journal" />
		<constructor-arg name="deleteTenantObjectsFile" value="/org/bonitasoft/engine/scheduler/impl/db/${db.vendor}-deleteTenantObjects.sql" />
		<constructor-arg name="deleteTenantObjectsPriority" type="int" value="5" />
	</bean>

</beans>
