<beans xmlns="http://www.springframework.org/schema/beans" xmlns:xsi="http://www.w3.org/2001/XMLSchema-instance" xmlns:p="http://www.springframework.org/schema/p"
	xsi:schemaLocation="http://www.springframework.org/schema/beans http://www.springframework.org/schema/beans/spring-beans-3.0.xsd">

	<bean id="externalIdentityMappingService" class="org.bonitasoft.engine.external.identity.mapping.impl.ExternalIdentityMappingServiceImpl">
		<constructor-arg name="persistenceService" ref="persistenceService" />
		<constructor-arg name="recorder" ref="recorderSync" />
		<constructor-arg name="eventService" ref="eventService" />
		<constructor-arg name="logger" ref="platformTechnicalLoggerService" />
        <constructor-arg name="queriableLoggerService" ref="syncQueriableLoggerService" />
	</bean>

	<bean id="db-bos-external-identity-mapping" class="org.bonitasoft.engine.persistence.DBConfiguration">
		<constructor-arg name="createTablesFile" value="/org/bonitasoft/engine/external/identity/mapping/db/${db.vendor}-createTables.sql" />
		<constructor-arg name="initTablesFile" value="/org/bonitasoft/engine/external/identity/mapping/db/${db.vendor}-initTables.sql" />
		<constructor-arg name="cleanTablesFile" value="/org/bonitasoft/engine/external/identity/mapping/db/${db.vendor}-cleanTables.sql" />
		<constructor-arg name="dropTablesFile" value="/org/bonitasoft/engine/external/identity/mapping/db/${db.vendor}-dropTables.sql" />
		<constructor-arg name="filter" value="journal" />
		<constructor-arg name="deleteTenantObjectsFile" value="/org/bonitasoft/engine/external/identity/mapping/db/${db.vendor}-deleteTenantObjects.sql" />
		<constructor-arg name="deleteTenantObjectsPriority" type="int" value="21"/>
	</bean>

</beans>