<beans xmlns="http://www.springframework.org/schema/beans" xmlns:xsi="http://www.w3.org/2001/XMLSchema-instance" xmlns:p="http://www.springframework.org/schema/p"
	xsi:schemaLocation="http://www.springframework.org/schema/beans http://www.springframework.org/schema/beans/spring-beans-3.0.xsd">

	<bean id="hbm-bos-data-instance-model" class="org.bonitasoft.engine.persistence.HibernateResourcesProvider">
		<property name="resources">
			<set>
				<value>org/bonitasoft/engine/data/instance/model/impl/hibernate/data.instance.hbm.xml</value>
				<value>org/bonitasoft/engine/data/instance/model/impl/hibernate/data.instance.queries.hbm.xml</value>
			</set>
		</property>
		<property name="classAliasMappings">
			<map>
				<entry key="org.bonitasoft.engine.data.instance.model.SDataInstance" value="dataInstance" />
			</map>
		</property>
	</bean>

	<bean id="hbm-bos-data-instance-model-arch" class="org.bonitasoft.engine.persistence.HibernateResourcesProvider">
		<property name="resources">
			<set>
				<value>org/bonitasoft/engine/data/instance/model/impl/hibernate/archived.data.instance.hbm.xml</value>
				<value>org/bonitasoft/engine/data/instance/model/impl/hibernate/archived.data.instance.queries.hbm.xml</value>
			</set>
		</property>
		<property name="classAliasMappings">
			<map>
				<entry key="org.bonitasoft.engine.data.instance.model.archive.SADataInstance" value="saDataInstance" />
			</map>
		</property>
	</bean>

</beans>