<beans xmlns="http://www.springframework.org/schema/beans" xmlns:xsi="http://www.w3.org/2001/XMLSchema-instance" xmlns:p="http://www.springframework.org/schema/p"
	xsi:schemaLocation="http://www.springframework.org/schema/beans http://www.springframework.org/schema/beans/spring-beans-3.0.xsd">

	<bean id="dependencyService" class="org.bonitasoft.engine.dependency.impl.DependencyServiceImpl">
		<constructor-arg name="persistenceService" ref="persistenceService" />
		<constructor-arg name="recorder" ref="recorderSync" />
		<constructor-arg name="eventService" ref="eventService" />
		<constructor-arg name="logger" ref="platformTechnicalLoggerService" />
   	 	<constructor-arg name="queriableLoggerService" ref="syncQueriableLoggerService" />
    	<constructor-arg name="classLoaderService" ref="classLoaderService" />
	</bean>

</beans>