<beans xmlns="http://www.springframework.org/schema/beans" xmlns:xsi="http://www.w3.org/2001/XMLSchema-instance" xmlns:p="http://www.springframework.org/schema/p"
	xsi:schemaLocation="http://www.springframework.org/schema/beans http://www.springframework.org/schema/beans/spring-beans-3.0.xsd">

	<bean name="sequenceManager" class="org.bonitasoft.engine.sequence.SequenceManagerImpl">
		<constructor-arg name="lockService" ref="lockService" />
		<constructor-arg name="rangeSizes">
			<map>
				<!-- Most used objects: range size depends on process design -->
				<entry key="30" value="10000" /><!-- queriable log -->
				<entry key="31" value="200000" /><!-- queriable log parameter -->
				<entry key="10010" value="1000" /><!-- ProcessInstance -->
				<entry key="10011" value="20000" /><!-- ActivityInstance --><!-- 20 step by process average -->
				<entry key="10013" value="20000" /><!-- TransitoinInstance --><!-- same as activity instance -->
				<entry key="10014" value="20000" /><!-- ConnectorInstance --><!-- same as activity instance -->
				<entry key="20010" value="3000" /><!-- archived ProcessInstance --><!-- Process instance * nb state -->
				<entry key="20011" value="80000" /><!-- archived ActivityInstance --><!-- Activity instance * average nb state -->
				<entry key="20012" value="40000" /><!-- archived TransitionInstance --><!-- transition instance * nb state -->
				<entry key="10015" value="4000" /><!-- EventTriggerInstance --><!-- 1/5 of activity -->
				<entry key="10016" value="4000" /><!-- WaitingEvent --><!-- 1/5 of activity -->
				<entry key="10017" value="4000" /><!-- MessageInstance --><!-- 1/5 of activity -->
				<entry key="10018" value="4000" /><!-- PendingActivityMapping --><!-- 1/5 of activity -->
				<entry key="10020" value="5000" /><!-- data -->
				<entry key="10021" value="5000" /><!-- DataInstanceVisibilityMapping -->
				<entry key="20050" value="25000" /><!-- archived data --><!-- 5 change by data -->
				<entry key="20051" value="25000" /><!-- SADataInstanceVisibilityMapping -->
				<entry key="10060" value="20000" /><!-- comment -->
				<entry key="10080" value="20000" /><!-- SAComment -->
				<entry key="10110" value="20000" /><!-- TokenCount -->

				<!-- less used objects : -->
				<!-- <entry key="10012" value="100" />ProcessDefinition -->
				<!-- <entry key="20" value="100" />user -->
				<!-- <entry key="21" value="100" />group -->
				<!-- <entry key="22" value="100" />role -->
				<!-- <entry key="23" value="100" />user_memebership -->
				<!-- <entry key="24" value="100" />P-metadata_def -->
				<!-- <entry key="25" value="100" />P-metadata_val -->
				<!-- <entry key="26" value="100" />user_contactinfo -->
				<!-- <entry key="60" value="100" />employee -->
				<!-- <entry key="61" value="100" />laptop -->
				<!-- <entry key="62" value="100" />address -->
				<!-- <entry key="63" value="100" />project -->
				<!-- <entry key="64" value="100" />employeeprojectmapping -->
				<!-- <entry key="65" value="100" />saemployee -->
				<!-- <entry key="70" value="100" />jobDescriptor -->
				<!-- <entry key="71" value="100" />jobParameter -->
				<!-- <entry key="90" value="100" />command -->
				<!-- <entry key="4" value="100" />platform command -->
				<!-- <entry key="10000" value="100" />actor -->
				<!-- <entry key="10001" value="100" />actorMapping -->
				<!-- <entry key="10095" value="100" />HiddenTask -->
				<!-- <entry key="10030" value="100" />category -->
				<!-- <entry key="10040" value="100" />SDocumentMapping -->
				<!-- <entry key="10050" value="100" />supervisor -->
				<!-- <entry key="10070" value="100" />ExternalIdentityMapping -->
				<!-- <entry key="10090" value="100" />document_content -->
				<!-- <entry key="20040" value="100" />SADocumentMapping -->
			</map>
		</constructor-arg>
		<constructor-arg name="defaultRangeSize" value="100" />
		<constructor-arg name="sequencesMappings">
			<map>
			<!-- platform -->
				<entry key="org.bonitasoft.engine.platform.model.impl.SPlatformImpl" value="0" />
				<entry key="org.bonitasoft.engine.platform.model.impl.STenantImpl" value="1" />
				<entry key="org.bonitasoft.engine.dependency.model.impl.SPlatformDependencyImpl" value="2" />
				<entry key="org.bonitasoft.engine.dependency.model.impl.SPlatformDependencyMappingImpl" value="3" />
				<entry key="org.bonitasoft.engine.platform.command.model.impl.SPlatformCommandImpl" value="4" />
				<!--  tenant -->
				<entry key="org.bonitasoft.engine.dependency.model.impl.SDependencyImpl" value="10" />
				<entry key="org.bonitasoft.engine.dependency.model.impl.SDependencyMappingImpl" value="11" />
				<entry key="org.bonitasoft.engine.identity.model.impl.SUserImpl" value="20" />
				<entry key="org.bonitasoft.engine.identity.model.impl.SRoleImpl" value="21" />
				<entry key="org.bonitasoft.engine.identity.model.impl.SGroupImpl" value="22" />
				<entry key="org.bonitasoft.engine.identity.model.impl.SUserMembershipImpl" value="23" />
				<entry key="org.bonitasoft.engine.identity.model.impl.SCustomUserInfoDefinitionImpl" value="24" />
				<entry key="org.bonitasoft.engine.identity.model.impl.SCustomUserInfoValueImpl" value="25" />
				<entry key="org.bonitasoft.engine.identity.model.impl.SContactInfoImpl" value="26" />
				<entry key="org.bonitasoft.engine.queriablelogger.model.impl.SQueriableLogImpl" value="30" />
				<entry key="org.bonitasoft.engine.queriablelogger.model.impl.SQueriableLogParameterImpl" value="31" />
				<entry key="org.bonitasoft.engine.scheduler.model.impl.SJobDescriptorImpl" value="70" />
				<entry key="org.bonitasoft.engine.scheduler.model.impl.SJobParameterImpl" value="71" />
				<entry key="org.bonitasoft.engine.scheduler.model.impl.SJobLogImpl" value="72" />
				<entry key="org.bonitasoft.engine.command.model.SCommandImpl" value="90" />
				<entry key="org.bonitasoft.engine.theme.model.impl.SThemeImpl" value="9890" />
				<entry key="org.bonitasoft.engine.profile.model.impl.SProfileImpl" value="9990" />
				<entry key="org.bonitasoft.engine.profile.model.impl.SProfileEntryImpl" value="9991" />
				<entry key="org.bonitasoft.engine.profile.model.impl.SProfileMemberImpl" value="9992" />
				<entry key="org.bonitasoft.engine.actor.mapping.model.impl.SActorImpl" value="10000" />
				<entry key="org.bonitasoft.engine.actor.mapping.model.impl.SActorMemberImpl" value="10001" />
				<entry key="org.bonitasoft.engine.core.process.instance.model.impl.SProcessInstanceImpl" value="10010" />
				<entry key="org.bonitasoft.engine.core.process.instance.model.impl.SActivityInstanceImpl" value="10011" />
				<entry key="org.bonitasoft.engine.core.process.instance.model.impl.SAutomaticTaskInstanceImpl" value="10011" />
				<entry key="org.bonitasoft.engine.core.process.instance.model.impl.SCallActivityInstanceImpl" value="10011" />
				<entry key="org.bonitasoft.engine.core.process.instance.model.impl.SSubProcessActivityInstanceImpl" value="10011" />
				<entry key="org.bonitasoft.engine.core.process.instance.model.impl.SUserTaskInstanceImpl" value="10011" />
				<entry key="org.bonitasoft.engine.core.process.instance.model.impl.SHumanTaskInstanceImpl" value="10011" />
				<entry key="org.bonitasoft.engine.core.process.instance.model.impl.SReceiveTaskInstanceImpl" value="10011" />
				<entry key="org.bonitasoft.engine.core.process.instance.model.impl.SSendTaskInstanceImpl" value="10011" />
				<entry key="org.bonitasoft.engine.core.process.instance.model.impl.SManualTaskInstanceImpl" value="10011" />
				<entry key="org.bonitasoft.engine.core.process.instance.model.impl.SLoopActivityInstanceImpl" value="10011" />
				<entry key="org.bonitasoft.engine.core.process.instance.model.impl.SMultiInstanceActivityInstanceImpl" value="10011" />
				<entry key="org.bonitasoft.engine.core.process.instance.model.impl.SGatewayInstanceImpl" value="10011" />
				<entry key="org.bonitasoft.engine.core.process.instance.model.event.impl.SStartEventInstanceImpl" value="10011" />
				<entry key="org.bonitasoft.engine.core.process.instance.model.event.impl.SIntermediateCatchEventInstanceImpl" value="10011" />
				<entry key="org.bonitasoft.engine.core.process.instance.model.event.impl.SBoundaryEventInstanceImpl" value="10011" />
				<entry key="org.bonitasoft.engine.core.process.instance.model.event.impl.SIntermediateThrowEventInstanceImpl" value="10011" />
				<entry key="org.bonitasoft.engine.core.process.instance.model.event.impl.SEndEventInstanceImpl" value="10011" />
				<entry key="org.bonitasoft.engine.core.process.definition.model.impl.SProcessDefinitionDeployInfoImpl" value="10012" />
				<entry key="org.bonitasoft.engine.core.process.definition.model.impl.SActorImpl" value="10013" />
				<entry key="org.bonitasoft.engine.core.process.instance.model.impl.SConnectorInstanceImpl" value="10014" />
				<entry key="org.bonitasoft.engine.core.process.instance.model.impl.SConnectorInstanceWithFailureInfoImpl" value="10014" />
				<entry key="org.bonitasoft.engine.core.process.instance.model.event.trigger.impl.STimerEventTriggerInstanceImpl" value="10015" />
				<entry key="org.bonitasoft.engine.core.process.instance.model.event.trigger.impl.SThrowMessageEventTriggerInstanceImpl" value="10015" />
				<entry key="org.bonitasoft.engine.core.process.instance.model.event.trigger.impl.SThrowSignalEventTriggerInstanceImpl" value="10015" />
				<entry key="org.bonitasoft.engine.core.process.instance.model.event.trigger.impl.SThrowErrorEventTriggerInstanceImpl" value="10015" />
				<entry key="org.bonitasoft.engine.core.process.instance.model.event.handling.impl.SWaitingMessageEventImpl" value="10016" />
				<entry key="org.bonitasoft.engine.core.process.instance.model.event.handling.impl.SWaitingSignalEventImpl" value="10016" />
				<entry key="org.bonitasoft.engine.core.process.instance.model.event.handling.impl.SWaitingErrorEventImpl" value="10016" />
				<entry key="org.bonitasoft.engine.core.process.instance.model.event.handling.impl.SMessageInstanceImpl" value="10017" />
				<entry key="org.bonitasoft.engine.core.process.instance.model.impl.SPendingActivityMappingImpl" value="10018" />
				<entry key="org.bonitasoft.engine.data.instance.model.impl.SDataInstanceImpl" value="10020" />
				<entry key="org.bonitasoft.engine.data.instance.model.impl.SBooleanDataInstanceImpl" value="10020" />
				<entry key="org.bonitasoft.engine.data.instance.model.impl.SIntegerDataInstanceImpl" value="10020" />
				<entry key="org.bonitasoft.engine.data.instance.model.impl.SDoubleDataInstanceImpl" value="10020" />
				<entry key="org.bonitasoft.engine.data.instance.model.impl.SFloatDataInstanceImpl" value="10020" />
				<entry key="org.bonitasoft.engine.data.instance.model.impl.SShortTextDataInstanceImpl" value="10020" />
				<entry key="org.bonitasoft.engine.data.instance.model.impl.SLongDataInstanceImpl" value="10020" />
				<entry key="org.bonitasoft.engine.data.instance.model.impl.SDateDataInstanceImpl" value="10020" />
				<entry key="org.bonitasoft.engine.data.instance.model.impl.SLongTextDataInstanceImpl" value="10020" />
				<entry key="org.bonitasoft.engine.data.instance.model.impl.SXMLDataInstanceImpl" value="10020" />
				<entry key="org.bonitasoft.engine.data.instance.model.impl.SBlobDataInstanceImpl" value="10020" />
				<entry key="org.bonitasoft.engine.data.instance.model.impl.SXMLObjectDataInstanceImpl" value="10020" />
				<entry key="org.bonitasoft.engine.data.instance.model.impl.SDataInstanceVisibilityMappingImpl" value="10021" />
				<entry key="org.bonitasoft.engine.core.category.model.impl.SCategoryImpl" value="10030" />
				<entry key="org.bonitasoft.engine.core.category.model.impl.SProcessCategoryMappingImpl" value="10031" />
				<entry key="org.bonitasoft.engine.core.process.document.mapping.model.impl.SDocumentMappingImpl" value="10040" />
				<entry key="org.bonitasoft.engine.supervisor.mapping.model.impl.SProcessSupervisorImpl" value="10050" />
				<entry key="org.bonitasoft.engine.core.process.comment.model.impl.SHumanCommentImpl" value="10060" />
				<entry key="org.bonitasoft.engine.core.process.comment.model.impl.SSystemCommentImpl" value="10060" />
				<entry key="org.bonitasoft.engine.external.identity.mapping.model.impl.SExternalIdentityMappingImpl" value="10070" />
				<entry key="org.bonitasoft.engine.core.process.comment.model.archive.impl.SACommentImpl" value="10080" />
				<entry key="org.bonitasoft.engine.document.model.impl.SDocumentContentImpl" value="10090" />
				<entry key="org.bonitasoft.engine.core.process.instance.model.impl.SHiddenTaskInstanceImpl" value="10095" />
				<entry key="org.bonitasoft.engine.core.process.instance.model.impl.STokenImpl" value="10110" />
				<!-- archived objects -->
				<entry key="org.bonitasoft.engine.core.process.instance.model.archive.impl.SAProcessInstanceImpl" value="20010" />
				<entry key="org.bonitasoft.engine.core.process.instance.model.archive.impl.SAFlowNodeInstanceImpl" value="20011" />
				<entry key="org.bonitasoft.engine.core.process.instance.model.archive.impl.SAActivityInstanceImpl" value="20011" />
				<entry key="org.bonitasoft.engine.core.process.instance.model.archive.impl.SAAutomaticTaskInstanceImpl" value="20011" />
				<entry key="org.bonitasoft.engine.core.process.instance.model.archive.impl.SACallActivityInstanceImpl" value="20011" />
				<entry key="org.bonitasoft.engine.core.process.instance.model.archive.impl.SASubProcessActivityInstanceImpl" value="20011" />
				<entry key="org.bonitasoft.engine.core.process.instance.model.archive.impl.SAUserTaskInstanceImpl" value="20011" />
				<entry key="org.bonitasoft.engine.core.process.instance.model.archive.impl.SAManualTaskInstanceImpl" value="20011" />
				<entry key="org.bonitasoft.engine.core.process.instance.model.archive.impl.SAHumanTaskInstanceImpl" value="20011" />
				<entry key="org.bonitasoft.engine.core.process.instance.model.archive.impl.SAReceiveTaskInstanceImpl" value="20011" />
				<entry key="org.bonitasoft.engine.core.process.instance.model.archive.impl.SASendTaskInstanceImpl" value="20011" />
				<entry key="org.bonitasoft.engine.core.process.instance.model.archive.impl.SALoopActivityInstanceImpl" value="20011" />
				<entry key="org.bonitasoft.engine.core.process.instance.model.archive.impl.SAMultiInstanceActivityInstanceImpl" value="20011" />
				<entry key="org.bonitasoft.engine.core.process.instance.model.archive.event.impl.SAStartEventInstanceImpl" value="20011" />
				<entry key="org.bonitasoft.engine.core.process.instance.model.archive.event.impl.SAEndEventInstanceImpl" value="20011" />
				<entry key="org.bonitasoft.engine.core.process.instance.model.archive.impl.SAGatewayInstanceImpl" value="20011" />
				<entry key="org.bonitasoft.engine.core.process.instance.model.archive.impl.SATransitionInstanceImpl" value="20012" />
				<entry key="org.bonitasoft.engine.core.process.instance.model.archive.impl.SAConnectorInstanceImpl" value="20013" />
				<entry key="org.bonitasoft.engine.data.instance.model.archive.impl.SADataInstanceImpl" value="20050" />
				<entry key="org.bonitasoft.engine.data.instance.model.archive.impl.SABooleanDataInstanceImpl" value="20050" />
				<entry key="org.bonitasoft.engine.data.instance.model.archive.impl.SAIntegerDataInstanceImpl" value="20050" />
				<entry key="org.bonitasoft.engine.data.instance.model.archive.impl.SADoubleDataInstanceImpl" value="20050" />
				<entry key="org.bonitasoft.engine.data.instance.model.archive.impl.SAFloatDataInstanceImpl" value="20050" />
				<entry key="org.bonitasoft.engine.data.instance.model.archive.impl.SAShortTextDataInstanceImpl" value="20050" />
				<entry key="org.bonitasoft.engine.data.instance.model.archive.impl.SALongDataInstanceImpl" value="20050" />
				<entry key="org.bonitasoft.engine.data.instance.model.archive.impl.SADateDataInstanceImpl" value="20050" />
				<entry key="org.bonitasoft.engine.data.instance.model.archive.impl.SALongTextDataInstanceImpl" value="20050" />
				<entry key="org.bonitasoft.engine.data.instance.model.archive.impl.SAXMLDataInstanceImpl" value="20050" />
				<entry key="org.bonitasoft.engine.data.instance.model.archive.impl.SABlobDataInstanceImpl" value="20050" />
				<entry key="org.bonitasoft.engine.data.instance.model.archive.impl.SAXMLObjectDataInstanceImpl" value="20050" />
				<entry key="org.bonitasoft.engine.data.instance.model.archive.impl.SADataInstanceVisibilityMappingImpl" value="20051" />
				<entry key="org.bonitasoft.engine.core.process.document.mapping.model.archive.impl.SADocumentMappingImpl" value="20040" />
			</map>
		</constructor-arg>
		<constructor-arg name="datasource" ref="bonitaSequenceManagerDSJNDI" />
		<constructor-arg name="retries" value="9" />
		<constructor-arg name="delay" value="10" />
		<constructor-arg name="delayFactor" value="3" />
	</bean>

</beans>
