<beans xmlns="http://www.springframework.org/schema/beans" xmlns:xsi="http://www.w3.org/2001/XMLSchema-instance" xmlns:p="http://www.springframework.org/schema/p"
	xsi:schemaLocation="http://www.springframework.org/schema/beans http://www.springframework.org/schema/beans/spring-beans-3.0.xsd">

	<bean id="dbProperties" class="org.springframework.beans.factory.config.PropertyPlaceholderConfigurer">
		<property name="systemPropertiesModeName" value="SYSTEM_PROPERTIES_MODE_OVERRIDE" />
		<property name="locations">
			<list>
				<value>${bonita.home}/server/platform/conf/bonita-platform.properties</value>
				<value>${bonita.home}/server/platform/conf/jdbc-${db.vendor}.xml</value>
			</list>
		</property>
	</bean>

    <bean id="queriableLogSessionProvider" class="org.bonitasoft.engine.services.impl.QueriableLogSessionProviderImpl">
        <constructor-arg name="sessionService" ref="sessionService" />
        <constructor-arg name="sessionAccessor" ref="sessionAccessor" />
        <constructor-arg name="technicalLoggerService" ref="platformTechnicalLoggerService" />
    </bean>

    <bean id="recorderSync" class="org.bonitasoft.engine.recorder.impl.RecorderImpl">
        <constructor-arg name="persistenceService" ref="persistenceService" />
        <constructor-arg name="logger" ref="platformTechnicalLoggerService" />
        <constructor-arg name="eventService" ref="eventService" />
    </bean>

    <bean id="parserFactory" class="org.bonitasoft.engine.xml.parse.SAXParserFactory">
        <constructor-arg name="validatorFactory" ref="xmlValidatorFactory" />
        <constructor-arg name="logger" ref="platformTechnicalLoggerService" />
    </bean>

    <bean id="xmlValidatorFactory" class="org.bonitasoft.engine.xml.SAXValidatorFactory" />

    <bean id="xmlValidator" class="org.bonitasoft.engine.xml.SAXValidator" />

    <bean id="xmlWriter" class="org.bonitasoft.engine.xml.DOMWriter">
        <constructor-arg name="validator" ref="xmlValidator" />
    </bean>

	
	<bean id="transactionExecutor" class="org.bonitasoft.engine.execution.TransactionExecutorImpl">
		<constructor-arg name="transactionService" ref="transactionService" />
	</bean>

</beans>
